ID,transcription
f068a206b84c4632865e0629a1b62fb8,bu dorini helila qaynatqan caqqan bol vissiqida viciwalGin
a9d8cfab47b34f12b8f4b4769075713e,yamGurdin keyinki hawa Huddi sUzUp tazilanGandAk vintayin sap bolidu
34147b4f995144288b720d7474ba4dd6,qar barGancA qattiq yaGdi yoldiki piyadilAr teHimu xalaNxip kAtti
c6c201bcd81a402385c2f008983f7474,cAtkA ciqip bilim vigiligAndin keyin qaytip kelimAn tAxkilniN maNa bolGan vixAncisini hArgiz yArdA qoymaymAn
c3c190cc67c14d4a946ef1b722196248,vAyiblAx kixini cUxkUnlAxtUridu vilhamlandurux kixini rohlanduridu
5a01e615c7474244a173f684403c9bb8,kOpcilik kOzlirini cAkciytip voqutquci vixlAwatqan tAjribini qiziqip kOrmAktA vidi
9b19c7e026574657a5245b5b5ee4e1c8,xad Huramliq naHxa sadasi mAktAp vasminida vuzaqqicA yaNridi
3bd71a4d42b240a8bddf63889e7c3d61,vay yArxarini cOridAp vaylinidiGan hAmrahdur
52778901226547e1a7f231532affe73f,hArqaysi tUr musabiqisidA yeNip ciqqanlar mukapatlandi
cfa2ec64c0c64bcabd3f20d41281cf94,vapam meni bu yil yazliq tAtildA vUrUmcigA sayahAtkA vaparmaqci boldi
9f29b417d2514fa3bfbfc808abbcb115,deNiz yUziniN votturicA vegizlikini vOlcAm qilGan vegizlik mutlaq vegizliktur
bb24e19f9333456a8b02c29d9d4f1378,vijtimaviy vAHlaqqa rivayA qilmiGan vadAm tolimu yirgincliktur
fe88e5a8c84d49aabbd1d0b0289b0e5c,vu vintayin yawax vAzAldin baxqilar bilAn jedAllAxmAydu
2ebb8898d1e84e289236ccdf2fa1ddd2,mAn yazliq tAtildA matematikini qetirqinip vOgAnmAkcimAn
a64ac85da92b45b59a0410eec8df9542,vilim pAn Hizmiti boyicA qedirip tAkxUrgUcilAr vinsan vayiGi basmiGan qumluqqa HAtArgA qarimay vixkirilAp kirdi
9006ef7113534c2c8cefa60525b18d2e,vu vadAttA tirixip vOginidikAn nAtijisiniN yaHxi boluxidin vAjAblAnmisAkmu bolGudAk
f050b19c00474ac1a3b2f22eb046ac8d,jahangirlarniN tajawuzciliqi juNgo HAlqniN tajawuzciliqqa qarxi GAzAp votini tutaxturdi
2c6f401240a64fe791641c2b344d4586,bir dAm saqlaN qoruma hazirla tAyyar bolidu
3385b9778d28407ea28f9ab283c94a3a,wAtAn wA HAlq yax vAwladlardin vintayin zor vUmid kUtmAktA
fd8f9850296a421d8f7c650d50e2ff0d,zawut baxliqi mAxGulat waqtini vOz valdiGa vOzgArtmAslik kerAklikini qayta qayta tAkitlidi
e4bc499a69a44cf8bb6b91addff78ca1,sAy tuzsizraq bolsun tUzni vazraq salGin
68ba3a24c0d44fadbc992f2c72843f25,silAr pakitni votturiGa qoyuxuNlar dawli sOzlixiNlar lazim
828c8ffd4f8544939bec64377f8affe2,qArz bArgAn pulni yandurwelix kerAk
cf0523b420c34492953491a1063e948e,heliqi yaymichi davim nAyrAN vixlitip Heridarlarni valdaydu
019ba46c5a5442278c24fe7639afcfc4,bu geniralni jANcilAr bAk hOrmAtlAydu
b1801006823946d3a97bb4fec4620c18,hAmmimiz vaxliqni qAdirlAyli
e579d572df504ad2826b79a7342f8901,bu guruppida vOzvara yardAm berix bir Hil kAypiyatqa vaylandi
014e744067014892a71e0a9bf3c4be5e,tAkxUrUx guruppisiniN coNqurlap tAkxUrUxi bilAn vuniN vAtkAscilik qilmixi vUzUl kesil pax qilindi
4f64e37c086347b5a34e77e6fa8bcf6d,dOlAt bayrimini qarxi velix vUcUn hOrmAt qarawuli vAtritidikilAr kOp qetim mAxq qildi
4926a51a24fd4f6381680d5e7b6b2ecf,vAtiyazda tikkAn vaq miHliyA dArAHliri nahayiti tez vOsti
63964981f75c411d923bcdea5746a22d,biz hoquqtin bAhrimAn bolupla qalmay mAjburiyAtnimu vUstimizgA veliximiz lazim
309a3ef7e08d46cebdf128d4f0f42cfa,vixik tUwidA yatqan heliqi vadAm qattiq HorAk tartatti
44b8fcc38a2841ddae94d2c27b0ed15d,mAn yazliq tAtildA turpanGa berip sayahAt qilixni voylawatimAn
a908092c5064464f91fdcbba1373ab7d,mAn sinip hAyviti bolux riqabitigA qatnixip vaHir saylandim
b8a74b7897c84dfd924afe16a85b86d8,dUxmAnniN taxyon boylap qacqini veniq tez qoGlayli
d9377ee8a560489e82b5e8dba51a279e,bAk cecilmay yeqinraq volturuNlar
5fad09ffccfe4f4d8ba5a219027f2d55,qandaqla digAn bilAn Hata liqiNdin teniwalalmaysAn
71e6fda0dc7a4762a4e9f076286882d4,vu bir tUz kONUl sAmimiy sadiq vadAm
4c9fff4ad8254f388e13e0154c453718,vu kOyUngAn halda tAn salamAtlikiNgA diqqAt qilGin dedi
2bb2da35c0d14e4b8d876d9d3b8808c7,law liningN doklatida pikir rawan bolGacqa kixini bAk jAlp qilidu
8abf0181f6cc448fa9eb01f0f417b4d5,qurulux tamamlanGandin keyin yuqiri dArijilik tarmaqlar kelip tAkxUrUp vOtkUzUwalidu
afe22915ec094ea3b41d567affd7c024,bu kiyimniN rAHti selinip turidu rANgi vocuq pasoni yeNi
701ec560c8cf4d45ae15ebbfb38661d4,vOydin vayrilGinimGa qancA vuzun bolsa yurtni xuncA seGinidikAnmAn
e7d5dc711f0346f4a04e7e2bcd0addbb,hArqaysi tarmaqlar votturiGa qoyGan tAkliplArgA binavAn pilanGa yAnA bir qetim tUzitix kirgUzduq
82d4b7840ae543a294b53ab888747d2e,rAsmiy belAt taxlap saylaxtin vilgiri kOpcilik namzatlar visimlikini yAnA bir qetim muzakirA qildi
cd09e818bed242a5bdd7ecc5ed706355,yaxliq naHxisi munAwwAr vAdAbiy vAsArdur
ff96f6b6dd534929b08d5bbef34a303a,vuniN hayat ceGidiki dostlirimu kelip tAziyA yiGiniGa qatnaxti
9af989d626af44498e9fe373427460c6,valqix sadaliri vicidA vu Hudini yoqatqandAk boldi
11f03d0c6ee24fa2a3af5a3111eb88b9,bir tUrkUm bibaha vAtwarliq quxlar qutquzuwelindi
bca83afd1daa4c9a971ea43676c1bb2f,valtun zAnjir nurGunliGan vayallarniN zinnAt buyumi bolup qaldi
ad4ecf4e3986401d9eb20c9acb74184f,tamaqtin burun tez maNsa qandiki may miqdari tOwAnlAydu
90e4c353ffda4c51b3344aa965513eaf,veliyas dArs waqtida muvAllimniN sOzigA davim qoxuq selip tArtipni buzidu
076b431554494c40be0c96ec8a11200b,qancA kOp yazsaqmu vuniN von miNdin birini tAswirlAp bolalmaymiz
e0310c6ecda64b8c9f4b7bb651fc0de7,su tejAx tAdbirliri varqiliq vicki yoxurun kUcni qezixqa bolidu
abdfdfc0de5b4348801afe85ffc637bc,bu yeza vaqiwAttA coN yiGinda tAnqidlinip jArimanA tOligAn
ca3ea8a2bc57426c9735c5b687cf893b,restoran kixilArni vOzigA magnittAk tartmaqta
d0dfd9e2322a456aa0d5b87853c4725b,vuniN natsistlar vixGaliyitidiki rowno rayonidiki qAhrimanliq vix vizliri nahayiti kOp bolup nemiscini nahayiti rawan sOzligAnliktin vustiliq bilAn germaniyA varmiyisiniN generali boluwalGanidi
afc23d4a5c7c410696d18dbdd60ba6f1,diriJor qaytidin sAhnigA ciqip vorkestirniN yUnmicilniN cirisniN teNi namliq muzikini celixiGa diriJorluq qildi cUnki dAl muxu muzika sAwAbidin klinton qiziGa cirsiy dAp visim qoyGanidi vu hazir vata vanisiniN yenida volturatti
1d89c76f1bbf4653820da3866c52f368,lAxkiriy vixlar pirqisi yandax begi HusjiN koriyigA qecip kAtkAnliktin padixah sUy yaNdi pey jUniN qoxumcA lAxkiriy vixlarni tutux hAqqidA pArman ciqardi
1b59042b12a744d9931cbd44fb532563,birma tAxwiqat ministiri jOxAn yArlik muHbirGa mundaq dedi hOkUmAt pat varida vOtkUzUlidiGan vomumniN vawaziGa qoyuxini barliq kUci bilAn vadil velip berixqa tirixidu meniNcA muHbirlarni hAmkarlixixqa murajivAt qilGanda bu qetimqi vomumniN vawaziGa qoyuxi muwAppAqiyAtlik bolidu
388073b543374787ae2520adacec7ddc,bu hayat waqtida vac kOzlUk qilip birawlarniN mal mUlikini vOziniNki qiliwalGan wA mehnAt qilmay kUn kAcUrgini vUcUn vOmUrwayAt xu veGir taxni dUgilitixkA mAhkum qilinGan karinflik vikAn
13d19d5b20734fda9ec984a41160b659,toqsan tOtinci rAsimigA qarisaq qoyuq saqal burutluq qaNxarliq kOzliri coN coN kAN pexanA kAlgAn bu vadAm bexiGa xilApA vucisiGa vesil rAHtin tikilgAn yumilaq taqiliq yolluq kaltA yAN capam vicigA vuzun yaNlik vastida lAylimisi bar kONlAk sidam tambal bilAn kalta qonciliq vOtAk kiygAn xaptul toldurulGanligAnni tutup saHawAt qiliwatqan qiyapAttA tAswirlAngAn
5a4727eef32a4fef9e5a90698dffc5d1,hA rast gezit botkisi vacamsAn ya
d909b0da444041cc9d5304ae7e9c1985,vorda tardux qaGanniN yami qaGanGa vuxtumtut hujum qozGuxtin vAnsirAp jawaNGa vikki tUmAn qoxun bilAn mudapivAdA turux dAyju baxbuGi HAnHuaN yuNkaN tUrisi lyawwaN weyju vaymaq begi lyuloN qatarliqlarniN piyadA wA vatliq bolup bir tUmAn kixilik qoxun bilAn HeNvAnni saqlixi toGrisida yarliq ciqardi
75669628f07b49459b1bc79c07a96c0a,ziyawudun nAzArHan GojamniN gUmbAzlik qAbrisigA kelip vattin cUxUp tezlinip volturdi wA vAlhAmdu bilAn qulwAlahu vAhAd ni voqup qiravAt qildi
c06efe8993e54f9d99532da53bfdbad1,vAskArtip vOtUxkA tegixliki dora pUrkigAndA coqum maska taqap mAxGulat qilix kerAk
107f853e0e794875b4429d58c335f4e3,xuNa kixilAr nyutonGa voHxaxlarGila tAxna bolupla qalmay xekisperGa voHxax xavirlarGimu boyilGa voHxaxlarGila vAmAs rapavelGa voHxax rAssamlarGimu kantqila vAmAs betHowenGa voHxax muzikantlarGimu darwenGila vAmAs karlilGa voHxax vAdiblArgimu tAxna
335f350895b64ac9b5fb2ff51b732f5d,caqmiqi buzulup kAtkAn gaz vocaqlarni vixlAtkAndA vawal sArANgini yeqip vandin gazni vecix kerAk
a614122295214e689394a37c4035117f,bu valtun dAwr von bAxinci vAsirniN votturiliriGa barGanda hazir biz vatawatqan belgiyA liksmburg wA gollandiyA nederland dOlitiniN katolik diniy mAzhipidiki vispanlarniN vixGaliyitigA qarxi kUrAx qilix dawamida zawalliqqa yUz tutqan
ce244dcd64364d579d97df273d7bc2ba,meniNcA bilniski carlinixwski boflar bolmiGan bolsa pushkinciHof tolstoylarmu mundaq yuqiri xOhrAtkA vigA bolalmiGan bolatti
f5a927df0ddf4195bf6c9a57092bb22f,vuniN yirginclik caqiriqiGa qarxiqqan kixilArniN biri pUtUn hindistandiki vAhliy hAdis jamavitiniN rAvisi xAyH vAmirtsAriy vidi
8fb2b6a6833141d2aec2b05ac173e52c,fizeyzer kUlUp ketip vohuy mAn vuniN namini veytixim kerAk xundaqmu vundaqta nam degAn nemA nam deginimiz mAwjut yaki hecbir mAwjut bolmiGan nArsilArni bildUridiGan sOzni kOrsitidu
75ae83f88c1647ab96ac1adc642f49b6,bir vadAmgila qariwalmisNzimu bolidu vAtrapiNizda yigit digAn jiq kimgA gApqilGiNiz kAlsA xuniNGa gAp qilalayiisz kim bilAn voyniGiNiz kAlsA xuniN bilAn voyniyalayisz yalGuz qizlarniN vAtrapida pArwanA bolidiGan voGullar vaz bolup qalmaydu
a1063bfea4bb4788bb153a65930bb9c8,bAyltoNniN von bAx pirsAntlik nAmlinixcan paraxokniN tOt yUz grami bilAn yUz kilogram vuruq dorilansa valdini velix yoqitix vUnUmi yaHxi bolidu
3002d25fd11e4bafb92462e3c7413faa,nawa vOzhal rak cAbbiyat pAnjigah muqamliriGa rAmAl bAhridiki GAzAllAr selinGan
fd3dc988cf994287acf53a1761a1e646,misirniN muftisi sAyxAnbe kUni vay kOrUlmigAnliki vUcUn ramzanniN pAxAnbe kUndin baxlinidiGanliqini veytti
42f842e5736d4ab2b3ce7b8a2fa558e5,gUlhepizAm HorazGa vAgAxkAn mekiyandAk vuniNGa yandixip maNdi
3edc7e0f80d64f1d984595b9a349af69,valfred jAmviyAttin biHAwAr halda bexini vicigA tiqiwalGan ziyaliylarni vAyiblidi
3fb51524524d43ceba7cf3ed25b8a888,muzat wilinji portiGa kOcUp fof vordisidin yiraqlaxti
db35629bed2e485b87089c5311f635af,vordida yigirmA vOylUk naGrici bolup bular valwan yasaq tapxurmaytti
2702edee9f0a48bb8593d475074bcf0d,vular tahazirGicA tOmUr vUjmA degAn gApni vaNlimiGan boluxi mumkin
a0cbf9ed5fe34170b00928cab87c2384,bAdAmdiki GidiqliGuci gormonlarniN kOpiyixigA vAgixip follikul yetilxtin toHtap qalidu
3657ca7194244e898c843da007b973c8,mawu qoymicilarniN vustiliGini kOrmAmdiGan dedi sawut aka veGir vofizmniN qocqirini vOzUmgA setiptu vAmAsmu
791b371fb80740348ef860e89b556911,molla xAwkAt vaHunumdin pAjmuriti bolGan qurvanni qandaq qilix lazim dAp soriGan toqilAk xaNyo bilAn bizniN vosman hajimkAn
b7bc9a7ccb54469d89a8454ba443500e,carrusiyilik vekspeditsiyici pirJiwaliskiy bilAn vuniN xagirti kozlof munazirigA cUxti
8dfbbe05a8e04befbf4084bf503b9bb5,frank kidson vAngiliyilik qoxaq tAtqiqatcisi bolup vu bir miN toqquz yUz von bAxinci yili velan qilGan vAngiliyA HAlq qoxaqliri nAzAriyisi namliq vAsiridA HAlq qoxaqlirini tOwAndikidAk tUrlArgA bOlgAn
43371640c820412ab9aa5d95f6e7fc59,vamerikidimu muxundaq vorun bolup stefen Hadley degAn kixi dAl muxundaq wAzipidA vikAn
7330e073c4f24a89a21f08a26d13e435,wow balilar vAmAsA yaHxi kApsilA kONUllUk voynap Huxal Horam qaytixiNlarni vUmid qilimAn
7d535069db864f7d99cc14b5ee42eafe,cUxAndUrUxnamida kAxpiyat yaki vAmAliy yeNi tip veniq wA mukAmmAl cUxAndUrUlUxi kerAk zOrUrtepilGanda certyuJliri qoxumcA qilinixi kerAk
29011958bb7a4a85876086bcedc1d58e,wAhalAnki vAnA xu haxAmAtlik zor paraHot vatlantik vokyanni toGrisiGa kesip vOtUp nyu yorkqa berix sApiridA bAHtkA qarxi muz taGqa soqulup cOkUp kAtti
a2a194ee79834136bbdf98bfb428bcad,vOz dAwriniN kAN belimlik valimi pUtUn vOmUrni bUk vilmiy vixlarGa beGixliGan yetAkci belimdani bolGan mAhmud qAxqiri tUrkiy HAlqlAr yaxiGan kAN juGrapiyilik daviridA von nAccA yil vaylinip yUrUp sansizliGan yeza qixlaq wA xAhArlArni bipayan taGu yaylaqlarni HilmuHil yurtlarni kezip vOziniN bizniN dAwrimizgA qAdAr yetip kAlgAn bibaha kitabi vUcUn
d6fff3f47c9d43868dc989e59ef75912,pariJliq birAr mehman rotxildaq wA lafetqa voHxax vApAndilArni tilGa valsa somyuraliqlarniN bu vikkisiniN grande vApAndicilik puli barmu dAp sorixi tAbiviy vidi
493c730ac0624d469f935e03f48c8556,ciNgizHan qomandanliqidiki moNGul qoxunliri hazirqi Hebiy vOlkisiniN wencuAn nahiyisi vAtrapida jurjit cArkArdisi Giyixla Goxawur qomandanliqidiki miN lAxkArdin tArkip tapqan jurjit qoxunlirini tarmar qildi
b2072b4b4f8449f8a8572e21601746e7,taN vetip qarliq coqqilardin cecilGan quyax nurliri vaq xayiGa besilGan zArdAk yaltiraxqa baxliGanda bOtOti jilGisi Huddi vuzaq yillar vuyquGa bAnd qilinGan tilsimattAk jimjit yatatti
fa87cbff33d045c199e9bc08e7c83bf8,vu dorig jAhAttA qAdimki tebbiy kitablardiki nusHilar wA vOzl tAjribidin vOtkUzUp ciqqan nusHilar vasasida tAryaq hAbbiy jAwdar hAbbiy vazraqi kumulisi polat kucisi simab kucisi pUtUn bAdAnni kUclAndUridiGan bizA qatarliq vesil dorilarni vijad wA viHtira qilip HAlqni dawalap kesAllik vazabidin qutuldurGan
9b251fbed4bb4961a1d678cb9ac5c0ff,daliya kastroGa bAx voGul tuGup bArgAn bolup vular vanHavil vantonivo valHandro val kixis wA valeks
b7eb6608d4e14e80bd0c9ce3aef9677f,yoldax Hujintaw vislahat veciwetix wA zamaniwilaxturux quruluxini jasarAt bilAn vilgiri sUrUp juNgocA sotsiyalizm vixlirida yeNi wAziyAtA yaritip marksizmniN juNgilaxturulGan yeNi mAnzilini vaxti
95a6fb5e5cde44e09daf0b05c4b7e657,vAqilniN turar vorni miNidur halbuki meNA Hataliqqa yol qoyGuci wA vUzlUksiz yeNilinixqa yeNilixqa vintilgUcidur xAytanniN weswAs vornidur
c689d2956e6443e6a8678879c7dbffa2,yax caGlirida vu mAdrisilArdA vijtihat bilAn voqup vaHonumluq dArijisigA yAtkAn
38061166e853470e9091086acd59b11c,vu waqitta hAmmA yaq qurup qaGjirap birAr tal giyahmu qalmaydu bir temim su tapmaq zAmzAm tapmaqtinmu tAskA toHtaydu
50c93641a7c245dab0082c8523079a43,HAlcAm vislam dAlilqan mamiqan HojiHan hakimof vasanbek turdi jaN xyumiN vabduqadir nAsirdin yaw yuNfeN serje xeripqan qatarliqlarmu kollektip qutluqlax pavaliyitigA qatnaxti
eb898e68e06a435ebe05f53b614f773e,xebah dawalax mArkiziniN bayanatcisi vUcinci noyabir sabiq zuNli xaron bUgUn salamAtliki nacarlixip yUrAk zAviplAxkAnliktin yAnA veGir kesAllArni kOzitix vOyigA yOtkAldi didi
924c8c1bb95b482ab1b05458234340d2,bu kOldA birAr beliq sudin xuNGup ciqmaydikAn kAslAncUklAr quyax nurida vissiqdimaydikAn
5065fe226078431395cecd86f544c1df,nAsridin vApAndi xAhAr hakimi sAvid vibrahim sultan hAdiyA qilGan vOydA volturatti
dad6dc869e9c494b94a57a01aa0fcb91,danisiniN coN kiciklikini xtangensrkol bilAn vOlcAxkA yaki tOxUkniN divamitiri voHxax bolmiGan vAglAk wA soqichaq tOxUklUk vAglAk bilAn vOlcAxkA bolidu
41de4ed169274fbabdad3b6b80e1a52a,vaq niyAtliri vUcUn Huda silini mANgU vAziz qilGay bina qilGan yurtliri nAwrA cAwrilArniN jAnniti bolGay
ad0265a2d67144d383e602901b226e0b,vAlixir nAwavi mAjAlisun nAfaviz wA nAsavimul muhAbbAt namliq vAsArliridA vucur berixicA vuyGur vAdAbiyati klassikliridin biri bolGan xAyiqzadA vataviy vAhmAd yAssAwiniN qerindixi vismavil vatiniN voGli vikAn
b82f6619dff44d139de5cc66aa3e4171,tirakidiyA negizidA vuniN yazGini xivirdin kOp halqip kAtkAn yAnA bir vémaktur
1687220ab626428f8fdf52964783e630,gUldUr gUp qilGan qattiq vawaz bilAn lefit vadAmlArniN qiya ciyasi vicidA vastinqi qAwAtkA cUxUp kAtti vicidiki vadAmlArniN hAmmisi qaza qildi
d1ae2708fcd74012903d2a77adbee626,Geni jUmAniN vix vizliri daGduGiliq tAxwiq qilindi
a0ced4dcdb8d4e3f844196c5dae43731,hAy balam toHtat maxinaNni bu moysipit kixiniN sOzliri vidi
5349b88e3e1046bda98bb383d1595c21,xu yili terA vixlAp ciqirixqa kerAklik stanok frankforttin GuljiGa qarap yolGa ciqqan
c8f4791db0fe4e679dbffc9c0668d1d4,bir kUni yUsUp vApAndi pidaviylarGa geri dUn moladun vilAri varxi degAngA voHxax sOzlAr bilAn tUrkcA komanda beriwatqanda qasim vApAndi buni kOrUp vaplahu vAkbAr biz tazimu kecikiptimiz dAp voylap qaldi
8bbf17c0fcaa459bb8d67f9ad7424afb,vAllikinci yillarda bu rayonda tOt yUz vatmix miN gektar toGraq qalGan
b5d960ebc40549f098da5a39a54de3b7,bir kUni vu mixka liwgukof bilAn kekirdAk siqixip qeliwidi voqutquci vuni jazalap vOygA tamaqqa barGili qoymay mAktAptA velip qaldi yAnA kelip boxqalGan sinipta xoHluq qilmisun dAp yuqiri yilliq sinipqa vAkirip vAN varqidiki vorniduGa volturGuzup qoydi
62925ac58b024d729ac24fd96196c864,bultur tAxAbbuskarliq bilAn cutyAn mewicilik xirkAtliri bilAn valaqilixip tOt tonna hOl cilanni yeNi piti saqlap cilanniN qimmitini vaxurduq
6a89ed32354e4ec190a15452fae14255,vataman sodigAr yOjni wey paytAHtigA vAwAtip vikki baxaqni vordiGa hAdiyA qildi
3cb47a15c8984420b4b235f3ec7642f9,voGlaq vetiniN kOksigA vesip qoyulGan qoNGuraqliq pUpUkkA voHxax Henim bAgniN kOksidA dirildap titridi
642f5d398411488f86e8cf1bcb63a813,tAxwix Huddi germa german pAylasopi martén haydekir vOziniN mAxhur pAlsApA vAsiri mAwjutluq wA waqitta kOrsUp vOtkinidAk hazirqi mAwjutluq bilAn kAlgUsi qAlb votturisidiki ziddiyAttur mAwjudatniN bu dunyada boluxiniN vAN mahiyAtlik halitidur
cec196ad05e94b40ace704592183c2c8,vi palwinim jolbaristi jANdiNba dAp qaqaqlap kUldi vOydin ciqqan gAwdilik vadAm
67c52fdafc2d464d8886fab8753c57b3,vuniN xarapitidin ni ni vixlAr bolup moskiwiski bobruk koNka velektirlar pAyda boldi
85ff24e2dc994beb81b448be72ac05d7,vegAr jabduqni qoltuqmac qilip vAxAttA hAyran qalisizuy
c1e22dfb949a45918fb4b685e73d4ced,bu qoxunniN tArkibidiki vaq voruslarGa birinci jahan vuruxiGa qatnaxqan general papingut qomandanliq qilatti
426c72d4639442f5b60f239af1ce892f,bAHtlik nikah vuzaq vOmUr kOrUxtiki halqiliq vamillarniN biri
f78389abab644bcda9ec472a1d518f43,kelArki hAptA hawa tempraturisi nOl gradusqa cUxidu
f3a0f63c6de848dea7ba2ac1970ecf94,vAplatondAk gAp qildiNiz pAyGAmbirimiz muhAmmAd vAlAyhissalam hubbul wA tAnul minAl viman yAni wAtAnni sOymAk vimmanniN jUmlisidindur degAn
74199232ad824ac196a6c855ecb5fa68,somkamda benzin vambur kuluc vAtwirkA bolqa qatarliqlar bar
9cef8820a0c6498e80bb8bff1dfb042e,baliyatqudiki qandin xAkillinixi bolsa seGilGan sUttin qetiqniN xAkillAnginigA hAm mistin viwriqniN yasalGiniGa voHxaydu
17699246e5554b45944930161b89017f,vottura vasiya moGulliriniN tariHi tariHi rAxidiyiniN birinci qismida vuniN xArqiy cegrisi kOsAn bilAn tarbUgUr GArbiy cegrisi Gaz bilAn jakximan ximal tAripi vissiq kOl jAnubiy tAripi cArcAn bilAn sariH vuyGur deyilgAn
fd058cf2bca143c0be62d8320789063c,Hojiniyaz haji jAnubiy xinjaN vamanliq saqlax garnizoniniN qomandanliqiGa tAyinlinip majuNyiN bilAn vurux qilidu
3ad0da9fddc1486da4da8e5796724daf,salih mutAllibow baxciliqidiki vOzbekistan valimliri bir miN toqquz yUz vatmixinci bir miN toqquz yUz vatmix bir miN toqquz yUz vatmix vUcinci yilliri diwanu luGatit tUrk niN vOzbek tilidiki tArjimA nusHilirini vayrim vayrim nAxr qildurdi bir miN toqquz yUz vatmix yAttinci yiliGa kAlgAndA diwanu luGatit tUrkniN bir tomluq vindeksni nAxr qildurdi
8bb0b1903b7046589f20bed613f872e0,vafGanistan jelmand vOlkisiniN bir vAmAldari mundaq dedi
947fda823b9f41d785a6cb6c4576f162,sAhafniN Hotuni ramiyA bilAn qizi sAfAf kUtUlmigAn wAqAniN yUz berixidin qorqup vuniN yenidin neri kAtmAydikAn
ae4211ad56364b50bdd03b75afce3f21,vamerika varmiyisi tOtinci piyadilAr diwiziyisiniN bayanatcisi mayor coslin vapol mundaq dedi
2a53a6df6da5460aad5eaa895fca3f8d,kaliforniyA vuniwersiteti qarmiqidiki dA bus mAktipidA velip berilGan bir qatar tAkxUrUxlArdin vispatlinixicA vayallarniN tenidA yigirmA bAx pirsAnt may maddisi vArlArniN tenidA von bAx pirsAnt may maddisi bolidikAn
837e34afe68e47f8914cff18951d1549,bAlbeGimda vuniN tUgUklUk qAGizi bar
8ac337c3a4f64dc6b7b07dcc1042bdc4,buniNda qAlAmpur lacindanA jOzniN hAr biri von gramdin tANxAlsA bolidu
3021a42beb6b475d83e6cdc32fdaac8f,vular magabizos sodanis qatarliq dahiylar vidi
464e7b06fa3a49998a250c5fbb1c3465,miladiniN vikki yUz tOtinci yili jurjan vatamani sAnlan tuGla dAryasi wadisini mArkAz qilGan tOlUxlArgA hujum qilip vularniN zeminiGa besip kirdi hAmdA qaNqillarniN bir nAccA qAbilisini xuniNdAk honlarniN qalduq qisimlirini vOziGa qoxuwilip tuGla dAryasiniN qirGiqidiki vOtUkkAn teGidA barGa qurdi wA vOzini curtuq qaGan dAp vatti
2d9349715bce46e181df87322d3bc15a,xuniN bilAn vularniN sOzliridA yalGuzluq fAna vittihad birlixix hulul sukrhoshsizlinix sAwigA sAgAklik kAxf varif vAhwal maqamlar degAngA voHxax vatalGular mAydanGa kAldi
c64cf11feb7744a2afa0161d813b7b9b,vu biri bilAn muqim varilaxsa nAdA turduN nAdA yUrdUN dAp soraq qilixidin vAnsirAytti
d7df37b2a4e5403cb918c6a7f5eb9383,sabiq sowet vittipaqiniN vaHirqi zuNtuNi gorbacef car rusiyiniN vaHirqi padixahidin pAqAt bir santimetir vegiz vikAn
c7ea1743be364dd9a1411fe4a1599962,cirtyoJciliq standartda kAsmA kOrUnUx pUtUn kAsmA kOrUnUx yerim kAsmA kOrUnUx wA qismAn kAsmA kOrUnUx dAp vUc tUrgA bOlUnidu
9eec1dae0934475199dcd2149b1674eb,vUjmA tayiqi bilAn vatni kUcUmniN baricA birnAccA qetim vurdum
9774fadfd2264ed683fbad95308f9295,vAmdiGu bolGandu dedi hajim sawut vakiGa pulni beriwetip hUrpAygAndAk qarap
971ca79ec1f941218c77927c022fef45,mawu qoymicilarniN vustiliGini kOrmAmdiGan dedi sawut vaka veGir vuhsinip vOzUmniN qocqirini vOzUmgA setiptu vAmAsmu
d135c8280a474b9484c35122b76ee7d3,komanlar sOyUmlUk yolbaxciniN pajivAlik vOlUmidin HAwAr tapqandin keyin dArhal vOylirini yiGixip vulaGlarGa vartip mallirini hAydAp donay dAryasiniN tOwAnki veqinidiki rodqa qarap yOtkilip bulGariyA padixahi kaludin panahliq tilidi
eaf7453478be41478c0781259af61b9e,nahiyilik HAlq hOkUmiti bu yil vatmix tuyaq safuq qocqiri setiwaldi
83cc5ea122ce4757bf4200d211380905,millAt gAwdisidA mAhkumluq rohsizliq cUxkUnlUk nadanliq qaxxaqliq tApriqicilik qanavAtkoyluq xUkricilik hAsAtHorluq HuxamAtcilik zinaHorluq villAtliri veGir
2dafc890534e4033b992acc8570312ee,vortaq bolGanliqi sAwAblik hAr birsiniN vayrim bir jUzviy hesablanGanliqi vUcUn hAr bir sOzdA vikkigA bOlUngAn wA hAr birsiniN hAr vikki juzvi zatiniN vasasini tAxkil qilGan bolatti
6911bc47a5a2423e9bb1266fffb0f5c4,vaqsudin ciqip dotAyniN yaliqini yalap coN boluwalGan vala baytal zorluq zombuluq qilip vuniN kolHoz qerindaxlirini baGlap vuridu
a60b68187f094e5b9aa68be6efdb8457,vuniN qaGa quzGunlarnimu yawa toNguzlarnimu tilliGusi kAldi
357599c10c304a4b8bf66c5282cf9296,waN wuN ta ta tat gom gum poN poN hurra qoGla digAn vawazlar kocilarda vaNlinip turatti
fb789acb03ea44e299adeaaea01dc466,valtinci varmiyA stalingradtin tartip woroneJGicA bolGan jaylarni vazat qildi
16506fa9bf384482a4cc64c244623889,dOlAt mudapivAsi ministiri bolGan ramosfelededdin vuzaqraq wAzipA vOtigAn
06d5b6fc42e441978e4c1806b2c71b37,toHti paxxap vOy HizmAtcisigA cilimniN sUyini yANgUxlAp tamaka selip kirixini buyridi
cad715b4dc744fa090aecc7ee49d99d9,muhAmmAt vAlAyhissalamniN kAynidikilAr nyuton vAza vAlAyhissalam koNzi pal sAylun kolombu veynixtiyin markis paster galley varstotil lenin musa vAlAyhissalam cinxuaN vawGust mawziduN ciNgiziHan vewklid marten lyotir koperniN wat vimperator viskAndAr waxiNgton qatarliqlardur
f782d1d7c2fd445f983d992d373d971e,nowgorodluq vaqsONAklAr vicidA piHtilap tuGulGan hamanla hArqaysisi vOz valdiGa vAlci vAwAtip kenAz dowictin dArhal vAskAr vAwAtip nowgorodni tinclanduruxni tAlAp qilatti
74b7095d8b824e398b5b5fee72115570,Han qizlar bOjigAn topini vatilGan caGda vasmandiki GazniN xorpsiGa nan cilap yeyix tamasida yUrgAn vigitlAr boyunlirini sozup veGizlirini vecip vaGzini cakildatqan halda xalini vaqturidu
0f65a694d0d8498791e0455fcca78a6c,sinip mAsvuli voquGucilarGa kollektiwizmliq vidiyA wAtAnpArwArlik roh vilim pArnAt tirixip vOginix tArbiyisini vAmAliy pavaliyAtlArgA birlAxtUrUp velip berixi coNqur tArbiyewi vAhmiyAtkA vigA kitablarniN mAzmunidin HAwArdar qilix varqiliq voquGucilarda kollektipini qizGin sOydiGan hAr waqit kollektipniN mAnpAvAtini voylaydiGan kollektiwizmliq rohni turGuzux kerAk
d886290a91a244898c12433a2fc6b847,xinHAy vinqilabi qozGalGandin keyin manjular yasinip qacmaqci boptimix HaNjuluqlar tArAp tArAptin carlap gumanliq kixilAr yoluqup qalsa vuniNGa jubAy juxiju toqquz yUz toqsan toqquz dAp veytquzidikAn manjular bolup qalsa vular jAzmAn guwbAy guw xiguw dAp voquydikAn
d84cf270a1b24b4487e55303098783e8,bowaqlar vikki qulini tAN liNxitqandin keyin vata vanilar vawwal baliniN vikki qoliGa voyuncuq tutquzup vuniN qolini tutup vikki qoli bilAn vOzvara voyuncuqni vOrUp vawaz ciqirix kerAk
64685ae5c4f7457bb87c9c8c523a4bbf,seHta brichka gambork qatarliq mAhsulatlarniN puriqi hUppidA puraytti
4e679595f4294e96b49f4fb4a7cc6d9e,hayatimniN qupquruqluqi velip kAlgAn kAypiG buJluq vicidA bir miN toqquz yUz toqsAn vikkinci yilliriniN kUz vaylirida qAxqAr wilayiti yopurGa nahiyilik birinci vottura mAktAptA sawaqdaxlirim bilAn voqux wA jAmviyAt tAkxUrUxkA HAlq veGiz vAdAbiyat tAkxUrUx praktikisiGa cUxtuq
6ad3462e15604c7f8880e9376d28e484,vigAr jabduqni qoltuqmax qilip vAxAddiy hAyran qalisizuy
11fd33806ee64ba3a882c56113ba3700,bAlki vularniN gOxliri mawu cirayliq yayli quyruqliri bilAn mANgUlUkkA Hoxlixar vularniN qizil qeni yat yArlArdA yArgA siNAr
14afe0a1b0af4a6da2b4374abda1a341,va fuxyAnjaN bu gAp munu vUc kixigA Gojam HAlitim vApAndimgA qaritilGan didi
29f69feca9f645c5917766b2637482e9,bizniN qurGan partiyimiz juNgo kommunistik partiyisiniN bir yaceykisi bolup qalsa dAp voylaymAn
1ff1787330c94383a240459002f661fc,kuNzi tAlimatiniN tArGibatcisi bolGan heliqi danixmAn bax katip tawminyOnmu vasman HudasiniN dergahiGa vAwAytimAn
ec9b68f0760e435d8edfc8bc600ebcd3,pUtUn vOyniN vOgzisini bir tal yoGan yaGac kOtUrUp turidu
3e85182a05ae440788326cc1170da01b,vularniN gUzAl kAlgUsigA tolup taxqan vixAncsi bar
95aae9646d80469fac44146846ba5ce2,hAmmimiz tAsirlAngAn bundaq pAzilAtlik munasiwAttin xadlanGan halda vaxHanidin vuzaxtuq
43ca8129915f40f0ba88c88b7a0786ee,vular kOcA kOcA cyAnfuduN wAnfuxya qatarliq jaylardin vOtUp tilAntaG vAtrapiGa kelip vorunlaxti
68f079a898e941e8b520e3ecd57d751e,vular vilgiri muxu rayonda yaxiGan negrolarniN dAslApki tipi varilixip kAtkAn vahalilArgA voHxaytti
41a524807da04e4a8b7de7949164b0d5,vAmma votGurmix wA vOgdUlmix wA padixahniN qimmAt qaraxliri voHximiGan vasaslar vUstigA qurulGanidi
c961262cdcb34224a59574b262d74161,vucur dAwridiki tariHiy tAtqiqat herodod wA simacyAndin tartip baxlanGan yazma bayan vusuliniN dAl vAmAslikini kOrsAtti
e6ea582d94b845fe80ab55b9732401a6,vikki miN valtinci yil toqquzinci vayniN von bAxinci kUni vottura vasiya mavarip mArkizi qazaqistan dOlAtlik qutupHana wA muHtar vawizow namidiki muzey birliktA diwanu luGatit tUrkniN ruscA tArjimA nusHisini tAqdim qilix murasimi vOtkUzdi
7bd99422600f4c648178e5e059c295da,kariN nemA balaNza vakaNniN yaNzisi bar jumu tezrAk berip hajAtHanANni taziliGina boNqux dAp warqiraptimAn vacciqimda
efa73a07f6e741988ba3ba6d1374df05,xinjaN vopera vOmiki vorundiGan coN tiptiki muzikiliq tiyatir muz taGqa kAlgAn mehman beyjiNdin tAklip qilinGan daNliq reJissor ciNwey HanimniN yetAkcilikidA bir qisim jayliri qayta vOzgArcilgAndin keyin pad varida mAdAniyAt ministirliki tAxkilligAn mAmlikAt boyicA von nadir tiyatir vAsirini tallax pavaliyitigA qatnaxturulidikAn
42ec26a571a548da9a8148f0199019aa,vikki pirsAntlik metil wiwolin sulfaglitsirin HuaNgAyyu bAx pirsAntlik térramitsin mAlhimi yaki pénsilin furatisillin mAlhimi qatarliqlarni vikki kUndA bir qetim sUrkAx kerAk
639d0205938e447684fc156ab3bc4a05,toxqan pasterellyuz kesilini pensilin sitreptomitsin sulfanilamid qatarliq dorilarni vixlitip kesAllikniN valdini valGili dawaliGili bolidu
53832fbfd99e42d682b7757fe6cae081,xotlandiyidiki kona vaqsiNAk vavilisidin bolGan robirt bulus mAzkur kinodiki heliqi sesip ketidiGan qeriniN voGli vidi vAmma heligAr xada pacaq vidward Hanliqini yohan bali vowrGa bArgAn bu vixtin keyin vidward fransiyA bilAn vurux qozGap xotlandiyiniN padixahiniN voGli vidi vAmma heligAr xada padixah vidiward Hanliqini yohan bali vowrGa bArgAn bu vixtin keyin vidiward fransiyA bilAn vurux qozGap xotlandiyiniN padixahiniN padixahini fransiyA bilAn vuruxiGa qarxi vAngiliyA yardAm berip vAskAr ciqirixqa mAjburliGan
dbb5d27672d945cb87c8e812e6ff79fb,sAnvAt qol tAkkUzgili bolmaydiGan nArsA vAmAs vunimu vadAm wujudtqa kAltUrgAn wA vOzgArtkAn nArsA
7340565d95f045539f44a87900f39bbb,xavirniN pulGa zar ciriklAr bAtHAj yipAk yurtida noruz qatarliq dastanikaviliri mAmlikAt vaptonom rayon dArijilik vijadiyAt mukapatliriGa verixti wA vuniN munAwwAr xevirliridin tUzUlgAn dehqan bolmaq tAs namliq qapliq vUnAlGu lintisi nAxr qilinip nAccA vonniN nusGa tarqitildi
334735b5103949d69f058c6188ebd03c,meniN voyniGan topumni kOrUNlar
f77ad9edfc2f4c89892e23abe094b330,yigirmA sAkkizinci kUni yoxurun tAhditin Haliy bolux vUcUn cercil paraHot vAtritini ximaldiki ximaliy deNizniN tumanliq sikapaweHlof vurux bazisiGa yOtkidi
20cfda23bb574edf8b9be0dfc4fc4ea5,vAgAr yUAn sulalisiniN tariHini cindin tAtqiq qilmaqci vikAnsilAr tojyAnapuniN vana tilini bilmAy bolmaydu
206147ab1733403e8ad0553d13e4ba00,vAmAldarlar vAbjAH kerAksiz miltiq yaraGlarni setiwelip vAjnAbiylArniN konirap vixtin ciqqan nArsilirigA yol tepip beridikAn
fb7ef44de4a54ff3a3946317647905b8,bu bayramniN tAbivAtni kUylAxtin vibarAt zoH xoH bAzmA vussulliri rawajlandi
3c2f9950195245e58ead3ca3223c3bba,vu bir mAzgil pir vustazniN HizmitidA bolGandin keyin yurti HotAn laykusGa qaytip kelip HotAn HAlqiniN saqliqni saqlax vixliri vUcUn jan kOydUrUp vixligAn wA nurGun qimmAtlik vAsArlArni yezip vuyGur tebabitigA vOcmAs tOhpilArni qoxqan
e21365a7ea3746018c79e384c7c6c47c,vastronomiyA jAhAttA Hudblen durbuni valAmniN zadi qancilik coNluqini mOlcArliyAlmigAn bolsimu vAmma yAr xarida turup verixkili bolmaydiGan nurGun vastronomiyA vucurlirini yAtkUzUp bArmAktA
5940cb82e746489599c9c1e3d689c06b,dAHli tArz qilGuci niN ziyankAxlikigA vucriGuciGa tOlAm tOlAx mAsilisi toGrisidiki kelixim bilim mUlUk hoqoqi delosida ziyanni tOlAxkA hOkUm qilixniN vomumi prinsipi
004f1fa99f4a4f97b63052a665e5c6e1,vu horlandurup dawalax dora sUyigA cilinip dawalax boGum variliqiGa cUxkAn suni tartip velix dora tartix xamcA qoyux qatarliq dawalax vusullirini qollinip yaHxi vUnUmgA verixip kAN HAlq vambisiniN qollixi wA hOrmitigA sazawAr bolGan
7db7a2b321294fbe8ddc170f88ca1457,bu yil vatmix tOt yaxqa kirgAn burmiHan moldo vuluGcat nahiyisidiki qirGiz carwici bolup von toqquz yexida qaracal dONgOrmA beli taG veGizida cegra qoGdiGuci bolGandin buyan yaxliqini wAtinimizniN cegrini qoGdax vixliriGa vUn tinsiz beGixliGan
6694321fea7e4af48d268b4fdebf7ddf,toqquzinci vayniN von bAxinci kUni yAtmix yaxliq cemberlen tunji qetim vayropilanGa volturup yAttA savAtlik vuzun musapini besip germaniyiniN vAN cetidiki berchtesgadenGa qarap vucup vUcinci vimperiyA niN baxliqi gitler bilAn kOrUxUx vUcUn maNdi
9398380c066a4707a8173d89492e670e,bu dOlAt kUcAygAn waqitlarda territoriyisi sAddicinni pasil qilip xArqtA lyawHeGicA GArbtA pamirGicA ximalda bayqal kOligicA sozulGan
05ecb6ca85a341728056c798762e5ec7,vestetik tArbiyA voquGucilarni mustAqilliq rohini qAdirlAydiGan vOz vizzAt hOrmitini saqlaydiGan valijanab pAzilAtni yetildUrUp vOzigA vOzi Hoja bolux barawAr boluxqa caqirip voquGucilarniN jAmviyAtkA bolGan mAsvulyAtcanliq tuyGusini tikilAp xAHsiy psiHikisini normal tArAqqiy qilixqa yetAklAydu
e87f783ec1ee43ceb7b42c10401b4ace,turmuximizda vaqmux qarimux zAnjiwil qowzaq darcin moza qatarliq vissiqliqqa mayil dora dArmAklArni yumxaq soqup terA yUzigA tAkxi cepilidu
98741af5f06a4676bf03e7b93e14841a,gUzAl sAnvAt dArsini vOginixtA vuzaq mAzgildin buyan vortaq tonux xAkillAnmigAckA pAnniN vorni hAdidin ziyadA vartuq tAkitlinip gUzAl sAnvAt kAspiy bilimlirigA wA viqtidarliriGa hAdidin ziyadA vAhmiyAt berilgAn
d4d3d9724c5948dab35fa21212cd20df,muvawin komitet baxliqliridin tyeyeyiN ceNsiwey jyalu jeNHua xyulyen diN xisUn yoNxaN voyuncemig yiGinGa qatnaxti
0d1374f527b248828f59118783fe827b,qitanlar tinjitix waqtida wu zetyAn yaw yUnzuNniN talantini bayqap vuni sumruq sariyiniN yandax bAglikigA vOstUrgAn keyin derijiniN bax wAzir qilixqa bolidu degAn tAxAbbus boyicA vayal padixah vuni Hanliq muvAkkilikigA tAN vAmAlgA vOstUrgAn
abf13f9193e04eada6523790d79230d8,zAhArlik vOsUmlUklAr tArkibidiki zAhArlik maddilarniN tUri Heli kOp bolup vasasliqi vorganik kislata vOsUmlUk vixqari floris vefir qatarliqlarni vOz vicigA validu
7e4a435e2a4e435f932124b53d41cee2,wey Hanix xaNgUAnwAn bilAn caHcaq qilxqanda bu Hil hesyatni bilgAndin keyin vOziniN burunqi vaxnisi wusAnsni wey Hanixqa kOrsAtti
cf2c5879a1284059ac975a6c7e71db0d,bu varqa qoru cawziniN momisi nAwrunliri vadam bilAn vugoGa kOmmiqonaq teriGan jay vikAn
3cdead901746425b9f8c8111d87ce315,nAsridin vApAndi xAhAr hakimi sAvid vibrahim sultan hAdiyA qilGan vOydA volturatti
21c9753339944fc38c6ddbde16c3d569,bu valtun dAwr von bAxinci vAsirniN volturliriGa barGanda hazir biz vatawatqan belgiyA lyukseymburg wA gollandiyA nederland dOlitiniN katolik diniy mAzhipidiki vispanlarniN vixGaliyitigA qarxi kUrAx qilix dawamida zawalliqqa yUz tutqan
7f2a9dca17ed4702be14c1d0e272ec6c,vArlAr hOkUmranliqi pAlsApA tUzUmdiki bir qAmiyAttA bir vayalniN vidiyA jAhAttiki zor tosalGularni yeNix vUcUn qancilik jasarAtniN ketidiGanliqini xuniN bilAn birgA valahidA viqtidar wA siyasiy jAhAttiki viqtidarniN kerAklikini kOrUwelixqa bolatti
38a593e1910d42d3ac49cd9008c0061c,kuxan yabGusi tOt yabGuluqni vOzigA birlAxtUrUp hArbiy jAhAttin yetArlik kUcAydi
7caf467f243445168f18b06f77bc7bc2,vu dAldANxip dUgjUp yUrUp tAritigA varan tArisidA ciqatti
339c298e14404fc7909922a26873ecfe,kAxmirniN mArkizi muzAffArvabadta yAttinci vOktAbir HatirilAx pavaliyiti vOtkUzUldi
b74a5f2553374f9ebf2a03eca582eddf,kActA tamaq belitimizniN vAmAliy vAhwaliGa qarap vikki gramliq birAr zaGra yaki kakca valattuq
4506585a9dae4794b4d11029dc1cb945,xu yili terin vixlAp ciqirixqa kerAklik vistanok frankforttin GuljiGa qarap yolGa ciqqan
9d10cce1c14147a39ce927e46a7b4643,bAzi vixlarda hAqiqAtAn bizniN mAsvuliyitimiz bar bAzi vixlarda hOkUmAtniN bax tartip bolmaydiGan mAsvuliyiti bar hazir bolupmu jAnubiy xinjaNniN hArqaysi nahiyA yezilirida vayallarniN yaGliq kOynAklirini mAjburi tartiwalidiGan vularGa jArimani qoyidiGan vularni qanusiz solap qoyidiGan vAhwallar yUz bArgili turdi bundaq vixlarni siz bAlkim muxu yArdin baxqa dunyaniN vu burjikidinmu tapalmasliqniNiz mumkin
41768cb861ff451c87ef7d521a02b7fb,yAnA dacxuy HAndaN xiHe boliN xyawxxAn saNxyaN cinxuy qatarliq caN vAlliri bolup vularniN vOrp vaditi qopal deNji caNliriniNigA voHximaydu
548adbd22c734c14b4b1d067eeb4ed32,wrangel basmicilirini tezdin tazilax vUcUn partiyA mArkiziy komiteti GArbiy jAnub frontiniN qirim jAN mAydanini mustAqil jAnubiy fronit dAp vayridi wA qararni vorunlaxturuxqa stalinni mAsvul qildi
4aeb396a37114405b45becd05a62f85e,molud vuni dAryaniN quyulux veGiziGa baxlap kelip jaduger turidiGan vONkUrniN vUstidiki taGqa ciqip valtun bilAyzUkini velip deNizGa vetiptu
1021a66c87f042ea949406ee01e77205,misirniN muftisi sAyxAnba kUni vay kOrUlmigAnliki vUcUn ramzanniN pAyxAnbA kUndin baxlinidiGanliqini veytti
80d846f505f94ff599d82b182dce98f9,hindistandiki tOt coN xAhAr bolsa ximaldiki yeNi dehli xArqtiki kalkutta GArbtiki bombay wA jAnubtiki jinnAh
8839995be0c84f00a0c795fd9bbd5954,gUmbAzcaq xaldin vegip yasalGan bolup vUsti canmiGudAk hakliwetilgAnidi
def4cbd9b3954bfa9fee96a3ddaad569,miladiyidin vilgiriki vAllik bAxinci yili yazda galliyA gobirnatori kaysar britaniyigA yirtquclarcA Hiris qilixqa baxlidi
4881d992a6a54f9abf94cf1217ab413a,biraq bu waqitta yAnila vozuqluqniN tANpuNluqi wA hAzim qilinixiGa diqqAt qilix coNlarniN yemAk vicmAk qavidisini pUtUnlAy qollinixqa bolmaydu vAtigAnlik tamaqta balilarGa mayda pixurulGan pilta quymaq boxkal qatarliq nArsilArni berixkA bolmaydu
4764a0a6f2094e45a4d8c2e88f1b7d85,dAl xuni kUtUp turGan valmas caqqanliq bilAn taGarniN vaGzini boGdi vala boynaq dAslAptA bir vikkini GiNxiGandAk qildiyu taGar vicigA valdin selip qoyGan yeNi coqqiniN puriqini sezip coqqa Gajax bilAn bolup kAtti
27814cb909e345f3a82cb4888f43b958,mAn vuniN valdiGa kelin bolup kirgili vikki yil boldi vikki yildin buyan vikki vOyniN hAmmA veGir yenik vixliri meniN zimmimdA verim sirtqa vix kOtUr velip tamciliq qilidu
c0d9f125e34b4e41b478c8f5a8003a26,qeynatam vAtigini duppi kowlirini kOtUrUp ciqip kAtsA kAckicA mozdozluq qilip vaHximi kOzi kOrmigAndA kelidu
81db8c593fb04ef0b56f0e6262ad2437,GArb mAktApliri xwetsariyilik mavarip vislahatcisi jon henri pestalozziniN vAmAliy pavaliyAtliri wA nAzAriyiliridin yeNi vozuq valdi
d1cf314728124adb8a68f501542d65b9,vuniN xarapitidin ni ni vixlar bolup moskiwiski bobruk koNka velektirlar pAyda boldi
ce5f310c1aa9497b8c4ae1387b93bc9c,vOyimizdA siz marksizm leninizm toGrisida kurJuktikilArgA nutuq sOzlAyttiNiz
21c776500b2143faa8fbdb95aed15f79,xahar kOydUrUxcu zAhArdAk vacciq loyla qorayni kOydUrUp kUl qilip kUlni qaynitip yelimdAk bir nArsigA vaylanduruxcu teHi
fb4ae4dec41443768810e655583f8f34,vucquci vayropilanni qondurGanda bizgA yArdA vuzaq turmaNlar dedi
b34801eea7714c999f27e0fd6f97b6f6,Huda vOzUNgA vamanAt cuh sayit vatqa qamca vurup qoruq catqAl varisidiki tar ciGir yol bilAn quyundAk capti
2ebe70e20a2e42d7b858435561f0e972,veH dada vu helimu vOzini muxu yurtta yArniN coNqur tAktigA Gulaclap yiltiz tartqan xaHliri tArAp tArApkA yeyilGan qamAtlik sedA dAriHidAk hes qilidu
538e24e43c404b57b370c9efc3700ec3,buniN vUcUn sazac hAlilisiniN posti qara helilA seriq yOgAy bAspayAj hAxqipicAk vuruGi sanaGlarniN hAr biri von gramdin velip qavidA boyicA soqup tasqap varilaxturup talqan qilinidu
928ee964e12b46a6a7f083d881313c63,jinxajyaN dAryasidiki xyaNjya tosmisi su velektr vistanisi quruluxida vix baxlandi
a6f24ce8de5e4d9c9828cb6ec06c587c,vAngilyA mustAqilliq gezitiniN veyuldiki HAwirigA qariGanda viraq vuruxiGa qatnaxqan vAskAr vOzliriniN mAzkur vuruxqa qatnixix jAryanida bigunah puqralarni Horlap vOltUrgAnlikidAk zorawanliqini vaxkarilGan
ca728e0f269f43d8a175406c90e3a123,sulfadnilamid tUridiki dorilarni vistimal qilGanda suni kOprAk vicix kerAk bolmisa vasanla zArdab kesili kelip ciqidu
44f262d48ce84cf883f800683cfbb160,haytiliq qiz mari kaxusniN yUzidA vikki kilogram veGirliqta vaz kOrUlidiGan vOsmA pAyda bolup qalGan
1acd7e517ce44e999fe82f78ae2c9133,jAnubiy yol vudun jujuf qirpanA qatarliq jaylarni besip vOtidu
efb916d4d31840dd9941321d804be0cf,vu caGlarda mAktAplArniN Hizmitini tAkxUrUx vintayin vincikA vAmAliy velip berilatti hazirqidAk vixHaniGa soliniwilip bir dOwA san sifir varHip bilAn jedAllixip kUnni kAc qilidiGan bola bolmas HulasA qilip vOzini wA baxqilarni valdap vOtidiGan vixlar yoq deyArlik vidi
b24836c08b584bf2baf3ec390219f071,kUn bilAn qaplanGan qolyazminiN vuzunluqi von sAkkiz santimetir kANliki von bir santimetir qelinliqi tOt santimetir bolup bax tAripigA Gerib sAnAm dastani vuniNdin keyin sultani jAmjAmA dastani vaHiriGa mewilAr wAsfi namliq xevir kOcUrUlgAn
ffde2b83e04c4707877befad44aa3994,qAdirsizlik Harliq saNa wA maNa hArgiz Has vAmAs xundaq vikAn qAddiNni kOtUr vAtrapiNGa qarap baq qAlbiNgA vAqidA ciriGini yaq mana bu nusrAt qAdiminiN viptidasi Galib wA mAnilik hayatniN bismillasi
90c90b9f53ca4dd2b9f9a303907e3acc,vapelsin postidin bAx gram qoNGuraqgUldin bAx gram velip qaynitip vicsA yaxanGanlardiki yOtAlni dawaliGili bolidu
b7c76e7f7eb14da29649759c8d8a87bd,vottura vasiya HAlqliriniN vAN qAdimki vetiqadida xaman dinidin vibarAt vuruqdaxliq dAwrigA mAnsup bir Hil mupAssAl dinniN mAwjut bolGanliqi nurGunliGan tariHiy kitablarda qAyt qilinGan
bc61edf980584ca286046efb46cde5fc,mAn tuGulGan kUnUmdA nurGunliGan sowGa qobul qildim
251b1f536ed94353afa3504e6301dd64,vana sUti tArkibidiki vozuqluq maddida baldur tuGulGan balilarGa nisbAtAn gOhAr bolup yaman Harakterlik kicik vUcAy boGmaq vUcAy yalluGiniN valdini velixqa paydiliq
637dc078cc3c45cd87ceb41ac591f008,vuHlatquci dorilardin luminal morfin qatarliq dorilarmu Humar qilidu
b13b11e39aab4b5cb8d64f05497b3123,vablabay maHsus diwiJok bilAn nAccA yUz watliq lampuckilarni yorutup kOl boyini kUndUzdA qiliwAtti
c144406fb0974bf6bbb0f869d7e78c6b,vAllikinci yillarda bu rayonda tOt yUz vatmix miN gektar toGraq qalGan
b0e3e14abe1e47eb891d25054b0d2d28,tUrmilArdA boluwatqan wAhxiylArcA qiynaxlar vadAm soyidiGan quxHanilarda vottura vAsirniN qanliq pajivAliridinmu nAccA hAsA dAhxAtlikrAk qiynap vOltUrUxlArni hes qilduratti
2e784c218d524fcb9b447060b19c30c6,birAr qAwrUmgA GAzAplArnsAm tUrklArni vularniN vUstigA vAwAtimAn degAn cUxAncigA qarita vularniN baxqa HAlqlArgA nisbAtAn pAzilAtlik vikAnlikini kOrsitidu dAp vizahlax varqiliq vuyGur wA baxqa tUrkiy tilliq qAlqlArniN kUc quwwAt wA tArAqqiyat mAnbAsiniN vAHlaqiniN yUksAklikidA vikAnlikini kOrsitidu dAp vizahlax varqiliq vuyGur wA baxqa tUrkiy tilliq qAlqlArniN kUc quc quwwAt wA tArAqqqiyat mAnbAsiniN
74d3007968194f878f0011b702ad6148,putinniN vAtrapidiki bAzi kixilAr zuNtuNniN wAzipisidin vayrilixidin vAn sArAp vuni dawamliq hakimiyAt yUrgUzUxkA mAjburlax vUcUn vuniN GArbliklArniN nAziridiki vobrazini HunuklAxtUrUwetixkA vurunuwatidu
6c9bc70d26bb47c8885514686223eb6d,mawzeduN tariH voqux lAhjA Hatirisi degAn kitablarni nahayiti yaHxi kOrAtti
e5b3c7770b6a4264a0444ed80660548d,suN dAwridiki vorda tewipi waNHuAyyin qatarliqlar tUzgAn retseplarda kesAl dawalaxqa vixlitilidiGan vUc Hil vusul tilGa velinidu
bf18961017dd456cb66d55cd28986f9f,mollilar HAlqniN cUxAncisini mUjmAllAxtUrUx vUcUn lAwhulmAhpuzda xundaq deyilgAn dAytti
41939c7a33b841e7b348ab6174feacde,pixqAdAm ziyaliy rAhbAr vAsAt vishaqof vUc wilayAt vinqilabi mAzgilidA xinjaNda HizmAt vixligAn
d5526997a8a742f8a666a88cfafbffb9,hekmAt burutniN yardimidA vammiwi telefon botkisidin birni setiwaldim
e242c4c92df14abf8031a1572a23a7f2,qiyamAt kUni valla hAq sobhanAtavala bAndiliridin vimandin hesab velip bolGandin keyinla namazdin hesab validu
8bdb177765f741c6b05641ba816bdde9,rusiyAdA vUc yaxliq fatGoqni tonumaydiGan kixi yoq vidi
cf0eabca01cf4a0f937038198f11668c,sutu yezisidiki kicik dukanda yArdAklAr veciqqan pApsi kolasila bar
8fb53046076149419bdfd5fdf531d0cf,vAmdiGu bolGandu dedi hajim sawut vakiGa pulni beriwetip hUrpAygAndAk qarap
ae2e6aa2de834fad933cbca0d52a9801,mawu qoymicilarniN vustiliGini kOrmAmdiGan dedi sawut vaka veGir vufsinip vOzAmniN qoxqirini vOzAmgA setiptu vAmAsmu
258c784457794cce80d7b536774184e4,mAn kONlUm GAx halda valdimdiki konwirit qAGiz qAlAmlArni yiGixturuxqa baxlidim
e97794e0ffc44e59b39414ae231e26ab,hAr qandaq bir dinniN xArhiylinixi vintayin qattiq vutodoksal metodini tAlAp qilGacqa dinniN HizmAtkarliri bolupmu dinniN nopuzluq pAtiwaciliri vehtiyat bilAn tallinidu hAm yuqiri vimtiyaz bilAn tAminlinidu
a520b063321b4247adeac0cad1f16e1f,wallon rayonidiki valiy mAktAplAr leJ vuniwersiteti yeNi lewen vuniwersiteti flander rayonidikilAr lewen vuniwersiteti HAnt vuniwersiteti qatarliqlardur
76248e7abe7c46a08bc236e29e93bae1,vular yeNi vOydA qiyza basqan polu yAp culuqay sarim valmisi wA sApAr vaHunniN qolida pixqan xerin tAmlik gulawa jaGda qoGunliri bilAn mehman boluxti
d19e6622a39c418dbb8984f03f70c725,dadam yamaqci kAc kirgUcA mokidAk midirlap mUkciyip volturup dirAj bilAn yiNnisigA gAp qilidu
ec8774706d74432785578c7a441d78d9,vAmma vaxuxan xArAplArgA verixix yolida cAkkAn viztiraplirimiz tartqan japalirimiz tOligAn bAdAllirimiz haman verixkinimizdin kOp bolidu
4032eaa71cbf4a84994d2c5f91b2eb3e,vaptonom rayonimizdiki tunji qoxkezAk kulon mozay saGlam vAy bolmaqta
1463505e32ee4eb8bad7ddf681c5e353,yoldax muhArrir xayar tUrmisi tarim dAryasiniN ximaliy qirGiqiGa jaylaxqan dedi
430cea5288a241da9375f54b9800d4e6,voperatsiyidA picaq tutqan wrac coqum veGir besiq boluxi lazim
43c04e96d09d44ab8c567b8320b7182b,aqsu vuruqciliq mAydani vAla sUpAtlik ziyansiz kOktat vixlApciqirixqa yUzlAndi
45f4cda701154199b47fb317e4a07bac,muxu vegiz pAscilikni voylisam dunyaniN vixliriGa qattiq vOkUnimAn vadax
f6831e35edcb464d8bcb69540f3f58dc,bu hal xorlar hOkUmitiniN bexiGa veGiz siyasiy bOhrAN kAltUridu
c4ca93f6050544359af3d015f8952ee7,hArqaysisiniN muqim bekitilgAn normisi bolup tOlAm dArijisi yuqiri vidi dedi yUnUsjan veli
2ecdb21b568c4dbb8ec25636cdefe64e,vular vilgiri muxu rayonda yaxiGan negrolarniN dAslApki tipi varilixip kAtkAn vahalilArgA voHxaytti
a0aa425a0ba24f2d975d96475a01f3a2,rama maymun padixahi sugriwa bilAn vittipaq tUzUp maymun wA veyiqlardin tAxkillAngAn zor qoxunni baxlap nara yasiGan vuzun kOrUk varqiliq deNizdin vOtUp lanka variliGa baridu
2d9756f3d2084d5da527ceca94fe5253,Hojiniyaz haji jAnubiy xinjaN vamanliq saqlax garnizoniniN qomandanliqiGa tAyinlinip majuNyiN bilAn vurux qilidu
6bd801f9bc22449baff080e293e0f9ee,niN bir tomluq vindekistni nAxr qildi salih mutAllibof baxciliqidiki vOzbekistan valimliri bir miN toqquz yUz vatmixinci bir miN toqquz yUz vatmix birinci bir miN toqquz yUz vatmix vUcinci yilliri diwanu luGatit tUrk niN vOzbek tilidiki tArjimA nusHilirini vayrim vayrim nAxr qildurdi bir miN toqquz yUz vatmix yAttinci yiliGa kAlgAndA diwanu luGatit tUrk niN bir tomluq vindekistni nAxr qildurdi
3263bdcf74f54761981b11d9e3174def,yiGinda je ke pe xinjaN vuyGur vaptonom rayonluq yAttinci qurultiyi muvawin bax katipliriniN visimliki maqullandi vular bAyjijye vayup teyip jaNmiNli suNHaw qatarliqlar vidi
afb17a3e170544a18e2d00ba5ca673a2,ximaliy vatlantik vAhdi tAxkilati qismi bilAn vafGanistanda turuxluq birlAxmA varmiyA von yAttinci vOktAbir vafGanistanniN jAnubidiki vuluzgan vOlkisidA talibanniN bir komandirni vOz vicigA valGan von nAccA quralliq Hadimini vetiwAtti
61e0e6dd8aec45509c444459394779c8,vanuvatu jumhuriyitiniN deplomatiyA ministiri joytis wers yigirminci yanwardin baxlap muxu vayniN yigirmA bAxinci kUnigicA tAklip bilAn velimizdA ziyarAttA bolidu
ca3335b868424b099a9baf8d660c5739,vuyGur HAlqiniN mAxhur valimi talantliq vAdAbiy tOhpikar baGweni mol mewilik profesori vabduxkur muhAmmAd vimin vOziniN bir talay yazmilirini gUzAl varzu varmanlirini HAlqigA qaldurup zeqqa kesili tuyuqsiz qozGilixi sAwAbi bilAn bu valAm bilAn HAyrlAxti
e9d89307dd444192955c464d4386c05d,valdinqilar bohrandin qutulux vUcUn vurux votini vulGaytqan
2cd650b5d2054460ae077ace15f96262,germaniyilik doHtur koH kesAllik vociqidin tuberkulyoz baktiriyisini vayrip ciqidu
00a7d34a9ccb4d8e969b2e377f2928d8,baldur mAwjutqa kAlgAn demukiratiyA voHximiGan tarmaq birlAxmilAr wA vasasiy qatlamlarniN viqtisadiniN vajiz boliwatqanliqiniN sAwAbi bolixi mumkin
cb5c85c3bb34491299196b7726798ebf,xotini buzGan tanisi qizni buzGan vanisi dAp vussullirimizni buzuwatqan hazirqi gUpUr gUpUlAN naHxa muzikilirimizGa xundaq muzikilarni vijad qiliwatqan kompizoturlirimizGa vecinmay turalmaymAn
0b8d906e1f33416799c230ba6a412d14,heliqi von dArya von vorGun deyilidikAn vularniN vismi rAt vArtipi boyicA vayijliq votinkar buqiz vosqundur tular tardar vadar vUc tabin qamlabqu vOtikAn
e7c49209d9894dcd96bb039296a79be4,vat harwisi xivinborog vordisiniN mAydaniGa toHtixiGa bexiGa Han valiyliri qoGdiGucisiniN qalpiqini kiygAn qoGdax vAskiri harwiniN vixikini vecip kicik mehmanlarni kUtUwaldi
dba4335303914ec8afac2425da2ce95d,timsah yilan yunid yAni vat qoy becin yAni maymun taqoGu yAni toHu vet yAni tonkUz yAni toNGuzlarniN hAr biri bir yil vUcUn visim bolup qalGan
808a9e78e8c7469399b19a791d110ff5,bu meniN vAyni waqtimGa voHxax viradilik yigitkAn dAp voylap vuniNGa HAwp HAtArgA qarimay birmuncA mAblAG selip mAHsus vUzUm soyGuc yasap setix xirkitini qurdi
c1613d5af55a452ba0f72ae52f44acb0,yAnA bir Hil mustAsna vadAmlArgA kAlsAk vular sOygU kUci bilAn vindAkkA kAltUrAlmigAn nArsini qandaqtur viltpat popoja nam xOhrAt vOzgArmAs hAqiqAt degAn birnemilAr bilAn vindAkkA kAltUrUp bolmaydu
23059390cc714d4d86a1018dee1ae2fd,bordaxniN vottura mAzgiligA kAlgAndA muwapiq miqdarda Huruclarni qoxup berix lazim
dbaee7798e974c5dbc3e1dd1cec2854b,Gol veriqniN yaqisidiki yawa bedA varilax cUjgUn vot kAm bolsa bAx yUz baG ciqatti
0202c5a068704bbdb308385f4c83fa1e,vaqsudin ciqip dotAyniN yaliqini yalap coN boluwalGan vala baytal zorluq zombuluq qilip vuniN kolHoz qerindaxlirini baGlap vuridu
fc9af04326ba4cfa8b67ed98c26c1ed0,valtinci varmiyA stalingradtin tartip woroneJGicA bolGan jaylarni vazat qildi
ab8b4b34d3a54de5ae0fce4e3fc6f318,bu Hil daGni von pirsAntlik finolluq sopun paraxoki yaki bAx pirsAntlik benzolluq finol varqiliq yoqatqili bolidu
36428d12e37d4298aa97052254127998,silAr yUgUrUp ketiwatqan toxqannimu quliqidin tutuwalisilAr dAp gAp bArmidi ziwyaga
754cbfdde586464fbae9fa2345dab1b7,buni tAyyarlax vUcUn sovidi mArzAnjUx kundur vaqaqiya vArAb yilimi bir hAsidin velinidu
8c22db8731fb4732908939d9644987e6,lyAnniN vaxpAz wA zapGoslirini tAkxUrgAndA hAmmisi munAwwAr bolup bahalandi
2cef62e9949b4c69a3e20716b4bd2787,buniNda vabduravufniN vAsiridiki diwanu luGAtin tUrk hAqqidiki mulahizilAr sOzlAngAn
857986a01053469b9eaccf98a9dcedd9,sAvidniN siyasiy vawazi bilAn tAspiy vorni vuniN pAlAsitinlik Hristiyan vArAb boluxtAk diniy kimliki bilAn GArbniN vislam dinini HunuklAxtUrUxkA qarxi turuxtiki vegilmAs sunmas qarxiliq rohiGa siNgAn ziddiyAtlArdur
6c30b623be174cb49f18a83dd9ef1d24,qaraNGuda dehqan vOyigA vuxtumtut colpan kelip cUxti
530a271257004d95bc76d2df4101a885,vOyimizdA siz marksizm leninizm toGrisida kurJuktikilArgA nutuq sOzlAyttiNiz
a1da4bb3681e499aac4ad86b50f6a72b,vu zatniN miftahil vOlUm degAn vAsiri meNAmdA bar
a336b4025b1e48368bd63e405ea125c7,dUxmAnlArniN potAyliri vakop yoxurun zop dopliri sansiz qaramliq bilAn yoqatqili bolmaydu maharAt lazim
74e81e21443f41ef838e730180e9ff4a,general fafton sowet wAkili bilAn yAnvAngA berip jude bilAn kOrUxkAndA stalinniN mAHpiy nazarAt qilinsun degAn yolyoruqini bArdi
4a47d2a5544a468f8f506b7ac17d0c4f,yiN xAhAr nahiyisi pAn teHnikini yezilarGa yUzlAndUrUxtA xAkilwazliq qilmidi
1949d97d620a4c489766b14986f95aac,qAhrimanlarniN tOhpisi vasan qolGa kAlmigAn vuni hAssilAp qAdirliximiz lazim
fd02ff0687f14b0788091e118ff5856d,bu caGda mahir valliqacan kONlidA vopratsiyA layihisini tUzUp bolGanidi
127bc7e8660a4de7954c7151e1717a12,zOhrA Henim hezzibAg hajiniN coN vOstAN dambisiGa ciqip varqisiGa qaridi
2b547c3d2fbe447a85396fa18f025faa,temur voljaytu HanniN qizi vaymic mAlikini vOz vAmrigA valGan wA qeynivatisi voljaytu HanGa HizmAt qilGan
8ff7b6583a44409fb10de0d2b4e2d17c,mAnsApdar vadAmniN vajizlarGa saHawAt qilGanliqini cUxidA kOrsA hoqoq davirisi keNyidiGanliriniN bixariti dAp qarilidu
385870b6d0ab47f0bfd92a761576ba1b,bir miN toqquz yUz vatmix tOtinci yili yAni volimpik tAnhArgAt musabiqisi vOtkUzUlUx harpisida meksika xAhiridA kAN kOlAmlik vammiwi namayix bolGan buniN bilAn hOkUmAt vAskAr ciqirip basturup bir nAccA yUz kixini vetiwAtkAn
824023339bae4bc2af0bc2d06e261434,kOrAxci vayropilanniN bax layihiligUcisi konstantin mabasew mundaq dedi
888bc0cdb1d6454290c5d509038942f9,bu yil kobdo vOlkisi juNgo xinjaN bilAn dostluq munasiwiti vornitip valaqidar hAmkarliq keliximi vimzalandi
4bf8ac07c4b54e008064f73a0f460be2,bu pilandiki vatlar sisicilar varisidiki vOy vocaqliq bolGanlar bolup vular gemlerniN caqiriqiGa vawaz qoxup vOzliriniN varivan qan sistemisini tarqatqan
c34e5af01c1e41cc8a5b0585f9783544,sAhafniN Hotuni ramiyA bilAn qizi sAfAf kUtUlmigAn wAqAniN yUz berixidin qorqup vuniN yenidin neri kAtmAydikAn
1e886d6f75bf40e28d13266425b75d21,keyin bombayda volturaqlixip qalGan yArkAnlik bawudun bayniN tonuxturuxi wA viqtisadiy jAhAttA hAr vayda voqux yardAm puli wA turmux yardAm puli berixi bilAn wAtAndax sawaqdixi hAsAn mOwliwi bilAn birgA bombayniN lakino degAn yeridiki lakino tebabAt xOyUAnidA voquGan
a2d729b8abb24bf1a302c3d99f4bd538,biJGirim vissiqta taGdiki qizGuc qoNur qum xeHillar jilwilinip Huddi sawuldap vot kUyiwatqandAk kOrUnidu
6b803b518a6d4895af0b9cf1e0a30c09,vular qomandani qapuqci voGli mustapaniN baxciliqida paytAHt vistanbulGa kirip bAygA mAydanida coN lager qurdi
c4d7dab3d67e40f294c29d458ad4bc4f,vu gogol xedrin ceHof wA tolstoy qatarliq rus yazGucilirini vintayin yaqturup qaldi
871ca018ff1b40e1a662ba9f94c252b1,milliy vitiqadxunaslar valwasti mijAzni yaman kOridu lekin vOzliri konsessiyAlArdA volturup jofri kocisi degAndAk GAlitA visimlarni yazidu
e0f5c28d9bfc492cbcd5e8a49ea0d2b7,dora tUrliri jAhAttA temitma yaG mAlhAm cepilma talqanlar yAni koyul sotuq zArUr nofuH tila qatarliqlarni vixlitidu
ddad6058fe32441ab72a21ce238c8a04,biz bu suluq diyarda yeNi yilni qeyiq bAygisi bilAn vOtkUzUx vaditini voyliGinimizda bayqal lina dAryasi vaGzidiki ciNgizHan jilGisiGa sizilGan qiya tax sUrAtliridiki qeyiq bAygisi kOrUnUxlirini qAdimki su muz bayrimi pavaliyAtliriniN tAswiri dAp vataxqa hAqliqmiz
ae71fb816dfd42a99ce0dc2d34bdb3e8,velimizniN tariH kitablirida vuyGur degAn nam Hilmu Hil qollinildi valayluq HAn sulalisidin beri vuyGur degAn nam HAnzu tilida wujye wujye wuHu yUAnHe weyHe HuyHe HuyHu weywuver degAndAk namlar bilAn vatilip kAldi
a468ea842c6548f1acf09bfb2a4d9072,mAn konefqa vikki tanka guruppiwoy varmiyisini berlinGa jAnub tArAptin hujum qilduruxni buyrumaqci boluwatimAn
679faed3eecb452aa1f8c4cc27c2d43e,mundaq bolGanda bayliq mAnbAsiNi gewolog gidro xaravitliri mAhsulat setilidiGan baziri wA viqtidari Ham mAxya yeqilGu hArikAtlAndUrgUc kUc transport wA baxqa hArHil hAmkarlixip vixlAydiGan xAr xaravitlarniN kapalAtlik qilix dArijisi vixci HizmAtcilArniN turmux muvAssAsililiri wA muhit vasrax vAhwali qatarliqlarni veniqlaxqa toGra kelidu
842755c7df104d4c956376c49d47b9cf,bu meniN vAyni waqtimGa voHxax viradilik yigitkAn dAp voylap vuniNGa HAwp HAtArgA qarimay birmuncA mAblAG selip mAHsus vUzUm soyGuc yasap setix xirkitini qurdi
d14d2273f7d04a078f633c23f54dcb7c,qalqansiman bAz viqtidari kUciyip ketix kesiligA giriptar bolGan vanilar metil tivovuratsil tUridiki dorilarni vixlitixkA vehtiyajliq bolGanda vuniN sUtidimu dorilarniN qoyuqluq dArijisi vintayin yuqiri bolidu
c9881e43c1764f359d256fdb0ba02bfe,taxqirida soGuqniN xuncA qattiqliqiGa dArwaza valdidiki vikki tUp xAmxadniN qar muz bilAn qaplinip kAtkinigA qarimay zal gUlkirAp kOyUwatqan hollandcA mAxniN vissiqidin wA partiyA tAxkilati caqirGan matAm yiGiniGa qatnixiwatqan valtA kixiniN tiniqidin vissip kAtkAnidi
12cd58486abf4487a9e2b630484eea44,vistémalGa maslixalmaydiGan bir tArAplimA vixlApciqirix mAblAG salidiGan bazarlardin mAhrum qalGan zor maliyA kapitali Hovwor hOkUmitiniN vaktip diplomatiyisi qoynida bAx milyon vixsizGa yatqan jAnnAt vamerika hazir pArdilAp bolmaydiGan sinipiy qarmu qarxiliqniN yuqiri pAllisidA turmaqta
075e34dc7bb043bb9efdb4dc392a6c49,bu qilmixlar vArzan qolay vOy bahasini vijra qilmasliq tawar vOy bahasini vAngA valdurux tUzUmigA boysunmasliq natoGra wasitA bilAn bahani vOstUrwelix bahavUstigA baha caplax baha valdamciliqi qatarliqlardin vibarAt vikAn
4ff37effaad644348395a0194d3fdaed,bu Hil HislAt balilarda yeNi vUlgA pAyda qilip balilarGa bir tApAkkur boxluqini vata qilidu
4e26760dc95a4f0398fdb967169d11e8,danisnniN coN kiciklikini xtangin serkol bilAn vOlcAxkA yaki tUxUkniN divamitiri voHxax bolmiGan vAglAk wA soqicaq tOxUklUk vAglAk bilAn vOlcAxkA bolidu
5965030588b347368b188aa7df6661af,vottura vasi HAlqliriniN vAN qAdimki vetiqadida xaman dinidin vibarAt vuruqdaxliq dAwrigA mAnsup bir Hil mupAssAl dinniN mAwjut bolGanliqi nurGunliGan tariHiy kitablarda qAyt qilinGan
0ec903f602a74057929c622ec7f5ef70,suN sulalisi dAwridiki jaN xyawbu yazGan vAmAliy vAhwal degAn kitabta mundaq dAp yezilGan daN jiN sawatsiz vidi kocidin vOtUp ketiwetip bir mAddAhniN mAddAhli qiliwatqanliqini kOrUp qaptu
96500f6cc11744f3977efd729d00d53c,bazGancA gUlzirA bAx yil muqAddAm qorGas nahiyA lANgAr yeza yeNvawat kAntidiki tiliwaldi roziGa yatliq bolup kAlgAnidi
d0eb9c26bfa14f088714f33a3edddbdf,jemma xu qAdAr cAksiz cidiGusiz vazab wA qayGu valamitini liwornodiki baG dArwazisi valdida montan li bilAn billA turGan caGda kOrgAndin taxqiri vinsan qiyapitidA hecqacan kOrmigAnidi
8c455f3948534f59aea21420e82e6194,hAy balam toHtat maxinaNni bu moysipit kixiniN sOzliri vidi
7b9b312b17944063aca16db4fc0695b0,vacciqlanGanda coN meNA bAdAngA Holesterindin vOzgArgAn postlaq strol vajritixqa buyruq qilidu
c8c34f02f9d342f9a395450c7158b69c,buzrukHan hakimiyitidA qoqAntlik yaqupbAg hArbiy hoquqni vigilAydu
3324a48759ee4092be28e1f281667c9f,bir birigA suwuxup sanjaG sanjaG turup kAtkAn qoy vOckilAr goya mArAxkimu madari yAtmigAndAk tillirini ciqirip tinmay hasiraytti bAziliri hAtta vOzini taxlapla yetiwalatti vAmma vigiliri turup tartquxlap yAnA vordin qopuratti
f7b49aee519c486c9018b75e098424b0,rast dedi vimam dArhalla buGday cAxlisA bax burnini vOxrigA wAHpA seNiGa tOkidu
f3befd880e6f4161af18a5fd36fa794f,qaGanniN vinisi vonmus qatarliqlar wA yAxin barGut nagcur tekin qatarliqlar vOzliriniN qowmilirini baxlap tyAnde qoruliGa yetip kAldi wA xU yArdA soda setiq qilip turmux kAcUrdi hAmdA bAyvAt qilixqa vijazAt soridi
9b15d623a86448f9a2a2b2017c7310e5,mUrAkkAp dorilardin sAwzA murabbasi lububi kAbir lububi srarar qatarliq dorilardin muwapiqlirini tallap vixlAtsA vUnUmi yaHxi
6d799a6465fb476f8a2c8b12690c7de1,vu pawelniN sOzini swetayefniN vabruyini tOkkAnlik dAp qarap vuniNGa qayturma zArbA berix qarariGa kAldi
4a4baeb184a24d3598e4b491461be4a6,vitaliyilik valim busagli krorAn rAsimlirigA nahayiti yaHxi baha bArdi
193c5a202c3644af916385354ccd0f38,misirniN muftisi sAyxAnma kUni vay kOrUlmigAnliki vUcUn ramzanniN pAyxAnma kUndin baxlinidiGanliqini veytti
fba02c621fde4b96b3f9f4d8852227a2,bulardin baxqa nAwaviyniN dArfanni degAn vAsiri bolGan
a5e27cf541854d37ad0cfb8abbd34741,mavontbattin bilAn nihru bir kOrUxUpla kona tonuxlardAk bolup kAtkAn vidi
473cf080087143ed9c939a413d5cbda2,vular hAr Hil pasondiki palxopka vaq sayahAt vayiGi kiygAn bolup vOzilirigA xuncilik yaraxqanidi
4a6e926c24ec402b9a6b25f374c11960,vuruq tuGqan qolum qoxniliriGa HuxamAt qilip yalwurup yUrUp vaz bir mAzgil bir qisim yaGlirini sataliGan bolsimu lekin vistemal qilsa vadAmniN kONlini velixturup qusqisini kAltUridiGan bu yaGni vaHir berip vuruq tuGqanlirimu valmay qoydi
86bbdfe83c0545cab6101516b9f322b9,von nAccimiz vuniN lAglikini vucurimiz
88a48c2b9e1344c38a189311e08fab78,qiz bAHti yigit degAn hAqiqAt hAm yArgA yezilGandAk hAmmila vadAm hAtta qardin kimHab kiygAn moskwa wA vuniN gUzAl qAdimiy dArAHlirimu qizni qiynimaqta dAp warqirawatqandAk bilinmAktA vidi
2ea6c9349df34b9ba9063feee4be3249,balilarniN vOpkA yalluGi kesAllikigA giriptar bolup qelixidin vAnsirAwatimAn
f1d980ba3bcc4b7090cfbd344d7753b2,xinjaN vuyGur vaptonom rayonluq toqquzinci nOwAtlik vayallar qurultiyi daGduGiliq vecildi
bf6c4ed4d6964df6a8959e7cdc12ddd3,vu vOziniN barliq sehnini vijadiyAtkA beGixlap valAmxumul nAtijilArni qolGa kAltUrdi
8af7909958a043e29deb982f124046e2,yiNxAhAr nahiyisi pAn teHnikini yezilarGa yUzlAndUrUxtA xAkilwazliq qilmidi
d4c88f7cdfcf44b9a0a574a9b9523e0c,vadAttA gulubusni kOtUrUp yUrgili bolmaydu bAk kelANsiz
d8b267f016564309bb9a8b1c1fd221af,qam digAn yAlwe barliq qudrAtni vOzigA mujAssAmlAndUrgUci sUpitidA jin xAytanlarni vixqa selip yégni dawalaydu xuniNdAk verq beqip yaHxiliq yamanliqtin wA kAlgUsidin bixarAt berAlAydu
4ef9ab436cee4bb98fe031f28e90a150,bu yil vikkinci vayniN birinci kUni yoldax deN xopiN kesAl bilAn wapat bolGanda ziN ciN HuN lecaNcUn HuylyaNyU lyuyUnxAn HegocaN qatarliq mArkAzdiki rAhbArlAr vayrim vayrim valdida yoldax deN xopiNniN vix vizlirini tAxwiq qilix vOginix pavaliyitini qanat yaydurux toGrisida muhim tAstiqiy yolyoruq bArgAn mArkAzdiki hArqaysi coN vaHbarat wasitilirimu yoldax deN xopiNniN vix vizlirini tonuxturGan bolup pUtUn partlitix pavaliyitini qanat yaylidurux toGrisida muhim tA
1379f2ca4bbb464684cac1eab5d1f792,buran yAnA cegrini tizginlAx yeNidin tUzUlgAn mal mUlUktin baj velix qanun layihisi xundaqla jinayAt gumandarlirini vAyiblimigAn vAhwalda vularni tutup turux waqtini vuzartixqa ruHsAt qilix tAklipii vUstidimu toHtaldi
1b9e8024e5dc4d418dbbad718464fae8,moskwa xAhAriniN baxliqi luJkof valahidA ciraqliq saqci maxinisini zuNtuN zuNli wA bax poptin vibarAt vUcla kixi vixlitixkA bolidu dedi
3822c41320784684b606a52aaf688483,qararda rosiyA tincliq saqlax qisimi bilAn be de te kOzAtkUcilAr vOmikiniN vabHaz rayonidiki muhim roli vAmAliylAxtUrUlgAn hAm giruziyiniN tAktip Harakterlik hArikAt qollinixtin saqlinix tAlAp qilinGan
b0d11da1b5ce420e95ff59ed8122c8cf,vamerika varmiyisi tOtinci piyadilAr diwiziyisiniN bayanatcisi mayor coslin vapol mundaq dedi
6f7ddb298e2b4cabae40e336205663ea,vanuvatu jumhuriyitiniN deplomatiyA ministiri joytis wers yigirminci yanwardin baxlap muxu vayniN yigirmA bAxinci kUnigicA tAklip bilAn velimizdA ziyarAttA bolidu
b2127134a37046e18c220256732078d5,mAn bAkrAk kOrgAn vaqsu kuca qatarliq xAhArlArniN bAzi kocilirida baxtin vaHiri pajiHanilar yamrap kAtkAn vularniN HAyridar caqirixtin vata bala bir yArdA maNGili bolmas bolup kAtti hAtta mAn kucada vatalmix hOsn tUzAx vorniGa toluqsizniN voquGuci baliliriniN kirip sodilixiwatqanliqini kOddUm hAmmA buzuqciliqlar muxu yArdin tarqilidu
f2d6d0ee01db4c30978dd7aeda6f410d,buniNda qAlAmpur lacindanA jOzniN hAr biri von gramdin tANxAlsa bolidu
632c64238675447d9ecd308b0d9f6f29,vuniN visim zati jugejin yAnA bir vismi zipuy bolup laNyaniN nAnyaN xAhiridin vidi
595a16cca32542fc94d8236cfef759da,heliqi von dArya von vurGun deyilidikAn vularniN vismi rAt tArtipi boyicA vayvixliq votinkar buqiz volzqondur tular tardar vadar vUc tabin qamlabqu vOtikAn
d6ececc1efa346d39e722dbfa200034a,parnikniN temperatura nur su hawa qatarliq muhit xaravitini maslaxturux vilmiy pArwixni kUcAytix tArHAmAkniN wegitatiwliq vOsUxi wA jinsiy vOsUxiniN tANpuNluqiGa kapalAtlik qilix kerAk
e9bb5abf7cf64c48a94e33b11aba7730,qarisam vuniN HiyniN bir peyi bir coqatmaqqa vilinip qaptu baxqilar vabla bOrigA yoluqup qalGan bolmiGidA dAp qorquxti mAn yAnA bir vaz vUz dAp maNdim
f7e8f1a11ad9427fb7602c7f617b1a85,qasim vorgan gezitidA maqalA velan qilip bergebrokeller piwiHanisida nutuq sOzlAp qutratquluq qilGan
9829869b5bb04ee5b76b097777853bae,komanlar sOyUmlUk yolbaxciniN pajavAlik vOlUmidin HAwAr tapqandin keyin dArhal vOylirini yiGip vulaGlarGa vartip manlirini hAydAp donay dAryasiniN tOwAnki veqinidiki rodqa qArAp yOtkilip bulGariyA padixahi kaludin panahliq tilidi
86d97b776a3645f6bab138033bc902f3,vUsti vocuq muzey terik tariH bolux sUpiti bilAn tariHimizni mAdAniyitimizni qAdimki dehqanciliq suchiliq vigilikimizni HAlqimizniN psiHik musapisini Harakterini tAtqiq qilixta yax vAwladlarGa vAnvAnA tArbiyisi velip berixta vAjdadlirimizniN vAqil parasAtlik vAmgAkcan batur Harakterni vOginixtA muhim rol voynaydu
0c6bd77be17d482c9ae95a4d5bef93a2,qAlAm tAwrAtkAn birqancA yaxniN bexiGa qamax vetix viz derAksiz qiliwetix vapiti cUxUwatsa HAt sani bAxkA yAtmigAn valtA parcA muhakimini yezip qoysam vaNliximcA vAgAr degAn hOkUmAt tAlAppuzi beximGa yeGiwatatti
4bed59fbd0a84e9d978623593f5aa879,vaka vuka buddistlar nuqti rAxid wA coqti rAxidlAr kuvenlun taGliriGa cekinip vOzlirini vOltUrUwaldi
9e0505ce92ba41b1ab6eabe479946e84,yayOvi dAwridA yamato kanuchi sedso vAtrapliri sedso vicki deNizi varqiliq coN quruqluq mAdAniyitini kinkiniN xArqidiki bu rayonlarGa kirgUzidiGan qapqaq vidi
f86631c1015b46008efcaad28811a034,yuqiriqi munizcni kUndA bir waH vikki taldin vistemal qilsa kesAllik pAyda qilGuci Hilit bAdAndin tazilinip ciqidu
70b086ab0df14070a9c9efb7ea1da4a4,yalGuz vuniN qoxnilirila vAmAs Heli Heli yiraqlardiki vuni tonuydiGanlarmu HudaniN vuniNGa vayimay bArgAn bu qAddiy qamAt kUc quwwAt wA vAqil parasitigA vicidA hAsAt qilixatti
39fc3c3b0fbe4867b979805651fa5022,hAr hAptidA tOt vayal woski retroniniN bir cAtliki bAglAngAn vorunda jAm bolidu
9af12937b06b4a3f9fcd9b491d34aed8,vAtigAnniN yaqi jeqadAm kOrUp vuni buni dedi rast kApni qilsam bAx yUz yigirmA yUAngA satmidim ukam dedi sawut vaka bexidiki badam doppisiGa yaG tApkip ciqqan pakar boyiGa semizliki zadila yaraxmiGan taz ciray vAdAm tANlAp turGan pulni qoliGa veliwetip
bd5b48842b47409dbea319735922e6e7,mAn kONlUm GAx halda valdimdiki konwirit qAGAz qAlAmlArni yiGixturuxqa baxlidim
e0f06bed837b4dd29dcbc5c33b779dc5,rAyhan yArgA cUxUp nAccA domilap yOgimAcliktA toHtidi
47c246532f964c11968e9004f0592bd7,mAzAmzat hekim sadir palwan mahmut poci yAnA muxu HAlpAm toGrisidiki wAqAlAr nuriGa yad vidi
6eebf5d2ea4e429c9c0c042b58bc335a,yunij qiziniN bAHti vUcUn hAmmigA tAyyar hAtta biriniN vayiGi yeqilixqimu tAyyar
07cad64d0c8c49a2995c79c69ed01bc0,golubi powsey moskwi qatarliq rus yawropa kitabliridila tAswirlAngAn graf kinAzlAr hayati nuriniN kOz valdida pAyda boldi
f8352525b3ee496292f3e1eeb73d5111,kUclUk quyax nuriniN ceqixidin kOzUmni vacalmay qaldim
55cf2620f52d47768dd29b58c9f51da5,bu vetotniN tili yumurluq hAm vOtkUr bolup hAjwiyliki nahayiti kUclUk
8387dbd861234551a6716d68f18df524,bu xAhArniN yeri yulGun toxqanzAdiki vOstUrUxkA bab kelidu
1d2e93cb7f4b4995ac5b9fe0fa841ab8,bu fevodalizm jAmviyitidiki viptidaviy patent hoquqiniN tOrAlmisi bolup qalGan
e51b92974b1c4bfd99c18544437b0426,vikki savAttin keyin xObA vagentliqiGa qaytip kAlduq
83ef82a56d2840a4bfd78bde331600f6,somkamda benzin vambur kuluc vAtwirkA bolqa qatarliqlar bar
06bb5bbea5f048138caeccd3d1fe6dc2,xuNa sorun vAhligA hOzUr veytip vOziniN salamAtliki saz celip naHxa veytixqa yar bArmAywatqanliqini cUxAndUridu
5cf68f1855704af6b3f9d0fc2ef444f2,bir miN toqquz yUz von bAxinci yilidin bir miN toqquz yUz von sAkkizinci yilGicA tUrkiy valimi kilsili vAHmAt rexat diwaniniN vUc tomluq faksimilini nAxr qildurdi
8b80bab09603493ea375350b3b64b946,vafGanistan jelmand vOlkisiniN bir vAmAldari mundaq dedi
369173961e2f4409a914fa8ef1e3187d,vAN jAlpkar xAhArlArgA vawaz bArgAndA vawistraliyiniN setniy xAhiri tOtinci vorunda turGan
bba6017feabb45b0987a6dd649fd94a8,vAmdila quyax kristal venirgiyisiniN tAmini tetiGanlar vAlwAttA buniGa vunimaytti
3095f49ede1142e28b3a8503f1a88673,miN bir muxAqqAttA valiy mAktApkA kirip voqux pursitigA vigA bolGan bu vAwladniN Heli bir qisimida mAwjut bolGan mAripAtsizlik vadAmni hAsrAtkA titirigAn lAwni tAvAjjUb cixi bilAn cixlAxkA mAjbur qilidu
9ae0895c5b6849d6b7ecdcaf046dcb4a,vOz vorniniN ruHsini valmay turup teHnika mAHpiyitini sirtqa vaxkarilap qoyGan yaki wAzipA vicidiki pAn teHnika nAtijisini vOz beximciliq bilAn baxqilarGa vOtUnUp bArgAnlArjazalindu
d4b2d2da19184e3a9f5b67f51a9590a2,voGli vaniniN qurup yerilip kAtkAn lAwliri wA tArgU cOmgAn cehirigA qarap qolidiki cayni vaniGa vuzatti
7291c6f2836340e99b9dde37fabb2e41,vuyGur HAlqiniN mAxhur valimi talantliq vAdibi tOhpikar baGweni mol mewilik professori vabduxkur muhAmmAd vimin vOziniN bir talay yazmilirini gUzAl varzu varmanlirini HAlqqa qaldurup zeqqa kesili tuyuqsiz qozGilixi sAwAbi bilAn bu valAm bilAn HAyrlAxti
7b454cfc0d6b4cdbb2f33c1a4a9ab0fd,vular yolda bir soGuq vicimlik dukkiniGa kirip birmuncA maraJnini velip yidi
f52220d428c64b3c97f026b73f83d613,transport hAqqi vambar zapisi wA qArz pul qatarliq tAnnArH besimi tUpAylidin paHtiniN votturicA soda bahasi hArtonnisi tOt yUz miN bolGan
4f2370013b21409dbc06863153b59fa7,von nAccA sayahAtci sayahAt yetAkcisi vAyrisniN baxciliqida saynt Jermayn ped rayonidiki piyadA sayahitini baxlidi
8c57c21b9a1c43149b6140edfc79272a,vular magabizos sodanis qatarliq dahiylar vidi
b3e1fc4f5a704015b7dce92f54f22131,vu gogol xedrin ceHof wA tolstoy qatarliq rus yazGucilirini vintayin yaqturup qaldi
aacd99070eb4456188290ced8425e2c1,milliy viqtisadxunaslar valwasti mijAzni yaman kOridu lekin vOzi konsessiyilArdA volturup jofri kocisi degAndAk GAlitA visimlarni yazidu
0330b23c59ab49faa4506d4c27d3037b,vu bir miN toqquz yUz yAtmix bAxinci yili qAdimdin saqlinip kelingAn coN tiptiki tibbiy vAsArlArni vuyGur tiliGa tArjimA qilip xifigrafta basturup tarqitip vuyGur tewiplar wA vAl jamavAtniN zor hOrmitigA sazawAr bolGan
5d8251e3ea7249ea92184b889b457f4a,pAyGAmbirimniN zamanisidA bir kUni pAyGAmbirim sahabilArgA dArs veytip voltursa jibrivil vAlAyhissalam kelip bUgUn vax waqti bilAn kOpAytilgAn vArAbniN jeni qAbzA qilinidu waqip boluN dAp HAwAr yAtkUzUptu
ba0abade6d3543e08da5a8ba627fe9e5,tUgimAs soval soraqlar pajivAlik qiyin qistaqlar tUpAylidin kelixkAn qAddi qamiti yArdAk pUkUlgAn qaHxal dArAHkA bir terA bir vustiHanGa vaylanGanidi
b61223db81cd48dd8d97137f89d7c8b2,wakalitAn setix dukanliri wakalitAn satqan boyumlar wA gOrOHanilar satqan qayturulmaydiGan buyumlarda baj tapxurGuci vaddiy hesablax vusuli boyicA valtA pirsAntlik baj velix nisbitidA qoxulma qimmAt bexi tapxuridu
c011723fb01d4fd8aa313160db924635,bu vasazliqi metil benzol demitil benzol formaldegid qatarliq qozGatquc Harakterlik vorganik maddilar wA vammiyak karbon tOt voksidi qatarliq vanvorganik birikmilArni vOz vicigA valididikAn
19f8fa6ed78742c6bf6d58699ff9f1a8,yeza jimjit qar yaGmaqta qaramtul kOrUnidiGan baGlar qetip qalGandAk vOgzilAr vUstidA girimsen qariNGuluq vicidA vaq kOk paHalisisi turHunlardin ciqip hawaGa siNip ketiwatidu
6c9d27ee43db44f9a13101f2325d9584,vUsti vocuq muzey tirik tariH bolux sUbiti bilAn tariHimizni mAdAniyitimizni qAdimki dehqanciliq suchiliq vigilikimizni HAlqimizniN psiHik musapisini Harakterni tAtqiq qilixta yax vAwladlarGa vAnvAn tArbiyisi velip berixta vAjdadlirimizniN vAqil parasAtlik vAmgAkcan batur Harakterini vOginixtA muhim rol vaydu
f65c0105140341e984bc61035140346d,vilmiy tAtqiqat bizgA virsiy genniN solHayliqniN xAkillinix jAryanida yetAkcilik rol voynaydiGanliqini hArgizmu sol qolini kOp vixlAtkAnlik sAwAbidin bolmaydiGanliqini cUxAndUrUp bArdi
6992aadac82248458cf65b9fee54dc93,mubada GAplAt vuyqusi Galip kelip bu kemA su tegidA pinhan yatqan birAr taxqa yaki dAryaGa vUsUp kirgAn birAr tumxuqqa tasadipAn vurulup kAtsA nAvuzubilla qizil qiyamAtniN vOzi bolidu
2dd2d1a56dcc4201842532d36d9d36c1,vadAttA bu kAnttA zawfiN zawkUy qatarliq cilgA pAmidur sortliri yitixtUrUlidu
53425a6d18b247dbae7271dbb625a3fa,vu bu yArniN boJenk degAn qixlaqta turuxluq baHramAy hAzzAt degAn popniN vOyigA cUxti
1c34a099f8ac4d96a037c6138230cf57,bu baliniN yetilixigA tAsir qilipla qalmay xundaqla baliniN qAlbidA nacar psiHika tAsiri qepqalidu
705a2877ac2d4e9bbd72de8a083439fd,vottura vasiya HAlqliriniN vAN qAdimki vetiqadida xaman dinidin vibarAt vuruqdaxliq dAwrigA mAnsup bir Hil mupAssil dinniN mAwjut bolGanliqi nurGunliGan tariHiy kitablarda qAyt qilinGan
c2ec2a30d0684dcf8766613169790c49,yayOvi dAwridA yamato kanuchi setso vAtrapliri seto vicki deNizi varqiliq coNquruqluq mAdAniyitini kenikniN xArqidiki bu rayonlarGa kirgUzidiGan qapqaq vidi
f0e637b066af42129c373412b15c2880,bimar tuyuqsizla nApAs yetixmAywatqandAk hes qilidu vuHlawetip voyGinip ketidu volturup nApAs validu cirayi tatirip ketidu kalpukliri kOkiridu yOtAlgAndA kOp miqdarda kOpUksiman vac qizil qanliq bAlGAm tAkUridu bimar bu Hil halAtni kOrUp teHimu bivaram bolidu
c63ac2523430442ba8dca14ba305b034,mAn duvagUy xAyH muhAmmAd sayim sufi valla yari kecA kUndUz bAlki hAmixA mAzkur mazardiki vUctAn buzrugwarniN muqAddAs rohliriGa qurvan voqup duva qilimAn
f394d6ce99bb4f898eff06670a97593b,bu vayropilan vikkinci dekabir tUrkmAnistan paytAHti vaxHabad vayrodromiGa qonGan
10b8280b6bd047d48b4589c297bcc16c,vana sUti tArkibidiki vozuqluq maddida baldur tuGulGan balilarGa nisbAtAn gOhAr bolup yaman Harakterlik kicik vUcAy boGmaqqicA yalluGiniN valdini velixqa paydiliq
8c2fd4ede2bc46f9b1b13a68de5f953c,bu dunyaniN vOtkUnci hadisiwi wA mahiyAtsizlikini tAxAbbus qilix baqiyciliq qarixida diniy pArhizcilik tArkiblirini vucratqili bolidu
1adece36cfc44b34ac1f687be667d323,vaqsudin ciqip dotAyniN yaliqini yalap coN boluwalGan vala baytal zorluq zombuluq qilip vuniN kolHoz qerindaxlirini baGlap vuridu
6dc354f67678411ab56ce15adfb81eeb,vix terixtin qorqsaN hOkUmAt bilAn qandaq soquxisAn miltiq vatqiniN nemisi hoy yUrikini mojup qoymisaq bolmaydu
5b4ff4d42ae5474ba64ab48309634265,meniNcA bilniski cirnexwski boflar bolmiGan bolsa pushkinciHof tolstoylarmu mundaq yuqiri xOhrAtkA vigA bolalmiGan bolatti
f3e1f433b46747849258c3607fe8eaba,suN sulalisi dAwridiki jaN xyawbu yazGan vAmAliy vAhwal degAn kitabta mundaq dAp yezilGan daN jiN sawatsiz vidi kocidin vOtUp ketiwetip bir mAddahniN mAddahliq qiliwatqanliqini kOrUp qaptu
96ed219cad4145cebd394dc8cfc0ab7f,xUmiNrUygA voHxax xen xAnmu kulub vAzaliq kartisini velip vArz qildi
39d15079b4f34430ae376a80fdf90076,vu tolimu mAGrur vidi cUnki vuniN vata bowisiniN miras qilip qaldurGini xan xOhrAt bilAn bezAlgAn Galipliq vidi
b05494247b3741039e0cb08ec5a07d09,vAdAbiyat taki hazirGicA materiyalizmliq vidiyalizmliq revalizmliq motif wA halqimizmdin vibarAt nurGun vizmlarni tUrlUk xAklidA vOzidA vipadA qilip kAldi cUnki vinsanniN vOzini wA dunyani bilix vusuli HilmuHil bolup bularni yuqiriqi veqimlarda voHxax bolmiGan yepiNi tArizdA vAks vAtkAn deyixkA bolidu
c1868ce3dcf54c5587e7c191f8755d02,molud vuni dAryaniN quyulux veGiziGa baxlap kelip jadugAr turidiGan vONkUrniN vUstidiki taGqa ciqip valtun bilAyzUkini velip deNizGa vetiptu
511ca8a5913c49e39d7d081e681c6bfa,mOydin bu yArdA turuwatqan vAskArlArniN vofitserlirini yiGip mamut sijaNniN vorniGa birAylAnni saylaxni votturiGa qoyidu
44ba7666cf66410eb0b78b15da174d68,valfred jAmviyAttin biHAwAr halda bexini vicigA tiqiwalGan ziyaliylarni vAyiplidi
3a2b8e6f7cd4471d9883f37ba0f969d8,herip kAtkAn hoxurmu vatniN culiwwurini bir taxqa cirmap qoyup vOzi yArgA sozulup yetiwaldi
67ab2347b7bf46a69ff5fe46ed0684aa,vuniN familisi loshkaréH bolup ruscidiki qoxuq degAn sOziniN voquluxi bilAn voHxax ketidu
fce0e9447aa44095a31ee0f8d298454f,vUjmA tayiqi bilAn vatni kUcUmniN baricA birnAccA qetim vurdum
5a5b660105634ffda361e659c54d4bb8,kUndAk turmuxta pAlAmpAydin cUxkAndA pAlAmpAyni sanisimu HAlq mAydanda Hixni sanisa yol maNGanda yol boyidiki dArAHlArni sanisimu bolidu
06c6561749d54e999a6e893f71a1eb97,tAxwiJ Huddi german pAylasopi martén haydiger vOziniN mAxhur pAlsApA vAsiri mAwjutluq wA waqitta kOrsitip vOtkinidAk hazirqi mAwjutluq bilAn kAlgUsi qAlp votturisidiki ziddiyAttur mAwjudatniN bu dunyada boluxiniN vAN mahiyAtlik halitidur
20b7ad63fd804e6caae7c3e663a1c2a1,pakar kOk kOz seriq burut doGilaq bir vadAm miNbegigA HuxamAt qilip cuNuldidi
b64c1122d78744868ec107b5a4edf7ca,vabduwAli zikriniN vAjAbmu moNluq veytqinini miN qetimlap vaNliGan vAmma mit qilip qoymiGanidim
02ed2386d0d44b80af2b2b469bd7ef4d,vamerikiniN morgan rokfellerdAk juNgoniN jyaNjixidAk katta baylirimu HAlqniN vAmgAk tAri hesabiGa kOklAydu
7577575a3b6f4b669ea5a909072d336f,sAn mozaylarniN haliNlar coN bolGini bilAn kUnUNlar vittin bAttAr
e9685299b20d4abdbb006e50386687e2,vu hasirAp hOmUdAp xundaqliqiNdin sAn HAq bexiNGa qaGa cicsimu vUndimAysilAr dedi
8c3f60f509514441b5b10dc5bcd19ff2,turmuxumda bAzi vixlarni Hata qilip salGan voHxaymAn bumu vOzUmniN xori
171c887070554889ac387e84152edd36,pAqAt bir gitlerla kAcUrUm qilix hoquqiGa vigA vidi
ce48726465fa4c118725732d72729b2c,kOzAynikimiz birdAmdila horlixip kAtkAckA hecnemni kOrAlmAy qalattuq
3a752ed658964d0c84843f87d8c0fc1b,bu qetimqi veGizcA vimtihanda kOpcilikniN deklamatsiyA viqtidari tAkxUrUlidu
d53def81d4534ecb8286519f5232448e,doHturlarniN jiddiy dawalixi nAtijisidA vuniN hayati saqlap qelinGan bolsimu beliniN tOwini palAc bolup qaldi
e1a360c140f747fd83fdfe47efe66c7d,vu gUzAlliktA hArqaysi dOlAtlAr vimperatorliriniN taj kiyix murasimida vixlitilgAn vUncA mArwayitlardin qelixmaydu
8a035948d57d4181a8fb4ee02a4371d5,bizniN bu yArdA vArlAr vetizda vixlisA vayallar qoxumcA kAsip bilAn xuGullinidu
44b8c0c2ef194196941d3bca273415f9,sirtqi sodida nefit tAbiviy vasfalt Hurum mis tamaka mewA ciwilArni veksport qilidu
045411274de64aa3aa7aa479f5fd244b,vu xAhArdiki vAwzAl turmux xaravitini taxlap qAtviylik bilAn namrat rayonGa berip HizmAt qildi
7ee4cf226e324fb4a05b62d682fccd49,gucuNluqlar qumni tizginlApla qalmastin yAnA qumdin nAp velixqa baxlidi
99ecd56a3db34a67920fd063972e86ce,yAnA tAjribiHanida nAccA von savAt tAhlil qilixqa toGra kelidu
cf78095c8c4b4dbe9e15ec3f56efaac2,doHturlarniN jiddiy dawalixi nAtijisidA vuniN hayati saqlap qelinGan bolsimu beliniN tOwini palAc bolup qaldi
56f1318dea2145dfa18aee9a5b57b19b,tAntArbiyA voqutqucisi qox tornikta putini vikki yaqqa kerip volturux hArikitidin vUlgA kOrsAtti
fc156fe745c34ca891bfa0e25cb63185,rohiyHAtkA valdurGan mAblGi bir milyon yUAndin vaxidiGan karHana von miNGa yAtti
043998a6b59b414596623d55ee91fc11,vaptonom rayonimizniN vAmgAk wA vijtimaviy kapalAt vixliridA yeNi tArAqqiyat barliqqa kAldi
ac102bdedbba458ca2ca296c3862aabf,vuniNdin yeNi bir vAwlad yaxlarniN valiyjanab vAHlAq pAziliti vAks vetip turidu
7e549ce42afa4faab4dc71fb3023c3ad,mubada sAn vuniNGa vikki veGiz sOz qilsaN bAlkim vAdipiNni yeyixiN mumkin
75015859665b4534ac0d195315c88d09,vu mAktApniN tAqdirlixini dawamliq valGa vilgirilAxtiki yeNi tUrtkilik kUc dAp qaridi
166f2059817a443fb9ba93b6bf2f8ef8,vuniNdin yeNi bir vAwlad yaxlarniN valiyjanab vAHlaq pAziliti vAks vetip turidu
eb732425674949d5adfddc3d158585aa,bu qarax vAngliyA dOlAt mudapivA ministirliki yeqinda vaxkarilGan bir doklatqa zit
8cef8b483c9f47b3ab47ed93c736bb8e,vonsu nahiyisiniN gUlvawat yeza vaqvOstAN kAntidiki yAtmix yaxliq boway nurAk vawutqa von yil burun sAwAbsizla bir kicik til ciqqan
f21b9b705fae42b4bff405aeb4c405a7,mAn bu yArdA hArgizmu coN xAhArlAr wA katta ziyaliylar vUstidin dat pAryad veytmaqci vAmAsmAn
4dc165bc12884e00987c7d970031a6c8,jAmviyitimizdiki bAzi kixilAr kesAlgA coN kicik dAp muvamilA qilidu
f6b050a62b5e4b148b826386120d361c,vular radikal tAxkilatlarniN vawangartliri bolup yigirmA yax vAtrapida qeni vintayin qiziq
843254a5d65441d6bba7380500335fcc,mAn bu yArgA vularGa yardAm berix vUcUn kAldim
b31d1707ff314c80b833c90cdae05aa8,ximaliy vatlantik vAhdi tAxkilati yAnA vottura vasiya wA taxqi kawkazdiki hArikitini tezlAtti
153a5453efdb4c1b93616d25d604a4ab,riyadta von vikkinci may yUz bArgAn partlitix wAqAsini vasasiy pilanliGucilarniN biri sAvudi vArAbistanda qolGa velindi
34471c11e555423d9032685141fd4351,mAn bu yArgA vularGa yardAm berix vUcUn kAldim
49b516800f4c4002a273295de031dc32,bayinGolin voblastida nuqtiliq qurulux tUrliri ciN tutulmaqta
ee9c6e39c9bc490a992a7115b3b50fa6,hAr millAt vixci HizmAtciliri yotqan kOrpA kiyim kecAk qatarliq buyumlarni vivanA qildi
01cdea4c645149129fa96b316d2807a0,favo xAhiridiki nefit turubisi vArAb dAryasini boylap birqancA mil vuzunluqqa kOmUlgAn
541223ea7d4e4d0e907865f66c187a40,deNizda mayak bolmisa kemA nixandin vadixip qalidu yaki Hada taxqa soqulup ketidu
ef8a3da18fa5487d8bccba86113f244b,qasimGa tapxurup beriximizni hawalA qilGan
6a72909595e947e79356010676557cdb,rosiyA mutAHAssisliri sinaq Harakterlik yadro partlitix velip berilmiGan vikAn didi
d721e957b9534f57906fa7e5160f7f0b,Hujintaw juNgo hOkUmitiniN xyaNgaN mAsilisidiki vizcil faNjéni wA mAydanini xArhi dedi
166a7ca567984187a7fcfb6aeb1c2dee,vular xu vorundiki limba tUgUnliriniN yoGinixi wA putniN vixxixini kAltUrUp ciqiridu
fb1ec294f0354a01b49a85b39deb3ae0,bu yigit baxqa beri bolmastin dAl bUgUnki varman soda cAklik xirkitiniN lidiri radil vApAndi vidi
288f63550f784e26b1419aac6007b33b,Hu guaNbaw mAmlikAtlik HAlq qurultiyi qanun komitetiniN muvawin mudir vAzasi
022f7ce5bc4e48f0bb6fd598c5db263f,vAmAliyAtkA siGmaydiGan sOlAtwazliq bilAn xuGullinixqa bolmaydu
0d84c23e62f94a3aaaea82349daea615,vuniNdin baxqa dossan moqbul tariqi bozqir vimperatorluqi qatarliq kitablardimu muxuniNGa voHxax bayanlar HatirilAngAn
f67e7fdecb7e4d709a2723d6f84c5dd2,vular xu vorundiki limba tUgUnliriniN yoGinixi wA putniN vixxixini kAltUrUp ciqiridu
7cbfe499e8a440369a9f1bf441af3cf1,yiGinGa vaptonom rayonluq partkom davimiy komitetiniN vAzasi tAxwiqat bOlUminiN baxliqi wu dunfu qatnaxti
107fb8ffda034d2ea319e312f5b26372,piJ piJ vissiq yaz kUnliri dehqanlar vottAk quyax nuri vastida vetizda vAmgAk qilidu
41c730848bd34af2815da079dd19e28a,bu rAsimniN cin yaki saHtiliqini pArqlAndUrmAk tolimu qiyin
16631e98fa234210bc43389453ae648e,bu tekistni valdin tAkrarlax Hizmitini kOpcilik toluq vixlAptu
31123c9878a84a2285ae1bce23037a80,vuniN vaxu soGuq tAlAtini kOrgAn hArqandaq vadAm vuniNGa yeqinlixixni Halimaydu
a7a16592093f4142b0fb55b389e5c41e,kater dolqun yerip deNizGa kirip kAtti
5a603ea3dca848d09f961abcc9962485,nAsihAtni vaNlimisaN vaHir berip ziyanni vOzUN tartisAn
f00c802b65d94a9fa0510f648291a498,mAn sinip hAyviti bolux riqabitigA qatnixip vaHir saylandim
53c93a65b78d40bb904d2a22cbf8cd0b,qAdir vAhwal rAhmAt
e3a313ef78644c69a645ef9686fb18a3,toGulGan kUniNizgA mubarAk
25f97735698140efbfe81a482a1c1f09,bu yataqtin HAlqvaraliq coN bazarni kOrgili bolidikAn hAqiqAtAn gUzAl
05c41afdc8ba4cf796374eef9d1ee239,sizniN tArjimA qilip bArginiNizgA rAhmAt
3bfbefd3c70149ab93adf5b52b8be755,bexim qiyip kONlUm velixiwatdu
461acebd560345b39d45b4f54da3b46b,hawarayi munasiwiti bilAn vayropilan bir savAt kecikip vucidu
ace0a83ffdab4e968d5cc24db1b49614,vavilANdikilArniN patraq dOlitimizgA berip sayahAt qilixiNlarni vUmid qilimAn
10d72ea26b974e77b4608698039ba0a0,bir hAptidA sAyxAnbA carxAnbA xAnbA kUnliri bar
1a361c7a1a9141daa9aa776620c0db0b,sizniN cUxAndUrginiNizgA rAhmAt
75c5a0d5eb7b4a7792e64f738ea57bd2,kAclik murasimda voHxax murasim kiyimlirini kiyix kerAk
c5a7eb4fcdca4c2cb9134f338ca5638d,dukanda nArsA kerAk yeyixkA bir nArsA vicixkA bolmaydu
1c8ab6bc3fec45d89a0e237caa564141,misirdiki vAlhveram yilda nAccA yUz miNliGan cAt vAllik sayahAtcini kUtiwalidu
1f61a7b2582747c6a003e17243b1c2e2,silAr kOrUp turGan kAnt yoliniN vikki cetigA dehqanlarni sApAwAr qilip gUlzipA vOstUrmAkci yol boyiGa ciraq vornatmaqci
be0aff6194cc4c25aee9bed103f40b50,qotan yasaxtin gAp vecilGanda bu kAnt partiyA yaceykisiniN xujisi manap vibrahim bizgA mundaq dedi
60b5c92f0cb04146849d35050dcd6e69,jambulat kOz valdidila veGirliqi yigirmA kilogram kelidiGan vikki cOgilsiman gantelni kUcmAyla kOtUrdi
64593d26497942f4ad925d35e433751b,hazirqi vaxHabad tUrkmAnistan jumhuriyitiniN siyasiy viqtisadiy mAdAniyAt mArkizi vasasiy qatnax tUgUni bolup turmaqta
74aebc710bcf4257aae9a9674af27640,piJ piJ vissiq yaz kUnliri dehqanlar vottAk quyax nuri vastida vetizda vAmgAk qilidu
3a13b23ce8fe453589659ea11eb0ab34,taza nAs basti yeNi valGan somkam vUc kUn bolmayla buzulup qaldi
c41514c381b9421daffdbd2b54d7fd76,vu GAzAplAngAnliktin vornidin turup kAtti
fdfdc294def44bfcac75d01ca35845c0,qAdir vAhwal rAhmAt
ddc97edb225140bc87c63122f13598f4,kAlginiNizgA minnAtdarmAn qAdAm tAxrip qilGiniNizGa rAhmAt
040d1c4e2d244146a2c5ab2a783c6dbb,sAn top mAstanisi coqum kOrUxUN kerAk
7b0f4fe5a97d4c42a813ebf3c3461b6e,yAxikni vaxqandin keyin malniN sani jAdwAldiki bilAn voHxax vAmAslikini bayqiduq
de61fc21ce2c4c9789492c459772f897,qarxi tArApniN ziyinimizni tOlAp berixini tAlAp qilimiz
9dade5bf19884101b60487c3c0612481,dArya yUzidA pAqAt dolqunniN kemigA soqulGan vawazila vaNlinip turatti
9b6a226d9a78410bae8dd80a96e10d73,yawis wirusi vAydiz kesiliniN vAjdadi boluxi mumkin
f1a58962b70947799eec127ace26141e,vular hAr bir varamgahniN vUn valGu qol yuyux taziliq vAslihAlirini yUrUxlAxtUrdi
0e324be00b4d44af8186aaefc0604249,bAzi vAskArlAr somkisidiki hArbiy buyumlarni tOkUwetip pul qaciliGan
f3a9286662e349f88799ab66b8a0bf7a,yAr vastidiki kolbasa vixlAx vOyidA sesiq puraq gUpUldAp turatti
4b56819840d64762aeb9b6a93bfb1926,furqAt vOginixtA tirixcan bolGacqa muvAllim vuni davim maHtaydu
49ccf1fea92746429ffd5d755fbbfd6d,tAbriklAx pavaliyiti baxtin vaHir vintayin tArtiplik hAm qizGin kAypiyatta vOtti
6e88a00bf9b340379adea3832b0eec3d,vUc bronewik bOktUrmigA vucriGandin baxqa tUnUgin yAnA bir qatar zorawanliq hArikAtliri yUz bArdi
2d6fd044b5104c798671ee46482fc132,sabiq sowet vittipaqiniN mAxhur vastrofizika valimi wasliy wA xorbakoflar komsomol hAqiqiti gezitigA maqalA yazGan
495b48709c3848f1ac76fd7b8fa5d451,coN kicik kocilarda hAr waqit qatnap turidiGan nAccA yUz taksi bar
99e549e7103140f5959cf98ecb1667eb,bu coqum sattarniN voGli bolmisa vu nemA vUcUn bu vixni xuncA mAHpiy tutidu
8e66338fce4e4fee924879263cb89294,be de te HAwpsizlik keNixiniN bir HizmAt guruppisi mundaq HulasA ciqarGan
6caf65494e3a4812b564fe7d90868af7,viraqniN vAslidA sapmusaq von boveN vayropilaniniN bAxi vamerika vAskArliri tAripidin volja sUpitidA parciliwetiliptu
54bb1bbcea564b53952084d16a119587,dunyada yAnA birmuncA tariHiy xAHslAr muzeyi bar
84766f6c47e24764896ce4011538c86a,doHturlarniN jiddiy dawalixi nAtijisidA vuniN hayati saqlap qelinGan bolsimu beliniN tOwini palAx bolup qaldi
7ace8e65eae842f1b684370b58a6f7c7,vuni velixqa tegixlik vAmgAk hAqqim gezit Jurnal vidariliriniN vaptorlarGa bolGan hOrmiti dAp qaraymAn
05618dd988b7453b8e2b1c69c96e6dc3,xu caGda gUllUktA volturGan sAmAt bu vixni baxtin vayaG kOrgAckA qorqux tuyGusi teHimu kUcAydi
12c22943fc564cae8e0915ef97392812,vaptor qAxqAr pedagogika vinstituti marksizmliq voqutux tAtqiqat bOlUmidA vixlAydu
b578e9789438436a94a3e901e54b1ca2,vaNkor yadikarliqi kambodJiniN kona paytAHti hAm muhim sayahAt rayoni
fe830a978bfc4e3785c91fa56248226c,vijadiyAt bilAn tAqlidcilik vAwj valdi
910665eed58446e794509a5f5e5e1655,keriyA nahiyisi yeqinda yUzdAk vAmgAkcini fucAn vOlkisiniN diHua xAhiridA vixlAxkA vAwAtti
c1c659913ae9497bb5f0822d3e80c03c,béyad HAtni kOrgAndin keyin tAsirlinip dArhal zuNtuN gdowr keliwilandqa juNgoluq vixcilarGa tOlAm berix hAqqidA tAklip bArgAn
3fb8d09775cb4d5cbfff993c92b373d0,vottura yolGa kAlgAndA vu kanzal xtatiniN loviswil xAhiridA poyizdin cUxUp bu xAhArni tamaxlap qilip vOtUx niyitigA kelip qalidu
921af618e97d4aa7ae7d381715977bf6,dArwAqA bu caGda birinci dunya vuruxi partliGacqa vu strasburg xAhirigA berip negatipni veliwelix vimkaniyitigA verixAlmAydu
35dad9d15ebb4faca19b4095673e6e17,vaHirida paxxap bAg keyinki mAxrAp vUcUn bir tAqsA valmini dastiHanGa qoyatti
2a59dfed63a245298d485bfeb5f1a0ba,tunji tUrkUmdA yUz miN nusHa programma nAxr qilinip xinjaN boyicA tarqitildi
9ffcdcf0ffbf46b7ab3b770ddbabae03,hazir turmux tArtipi vAsligA kAlgAn bolsimu yAnA bAzi HatirjAnsizlik valamAtliri tUgimidi
fd0db93e689a432f869db0019ae5c0b1,nAsli yaHxilanGan vincikA yuNluq qoy bir yUz yigirmA tOt miN tuyaqqa yAtti
d3ea2e561ef74262989afaf4601d7dd8,cUnki yaNyu pAmundurniN xAkli coN kicikliki veGirliqi wAzni vopmu voHxax vikAn
b79386cb630e4948a8b3764fd891449a,doN sunruyniN vOzini qurban qilip dUxmAn potiyini partlitixi vajayip qAhrimanliqtur
d1d074fa6b34478eb9d73fda558be1c2,yAnA tAjribiHanida nAccA vunsahAt tAhlil qilixqa toGra kemidur
59f1e26f7ac146a191cb95268f0b4cbf,zawuttiki yAm HAxAklArni velixiGa setip bankidiki barliq vamanAt pulni velip Gayib boldi
c44dcf8db158462c902e35beb7cf3222,dOlitimiz vAmgAkci HAlqi kompas partlatquc dora qAGAz wA mAtbAvAcilikni hAmmidin vawwal kAxip qildi
e96a6d28c1ea4287ad9a2e5be6548996,mAxrApkA vixtrak qilGanlarniN sani qancA boluxidin qAtviynAzAr hAmmisi birdAk vottuz voGul dAp vatilatti
dc2a392756604243a404ab13a113dd78,sawut vOzi coN bolGan yurtidin vayrilip vawat xAhArgA kAldi
9ce072bf98e14f38b6a7defe89bd726b,vu tuGma sApra mijAz bolup heckimniN gepini vaNlimaydu
8b2c6d4b2601488ebf48044216ba2b44,qipqizil galstuk vuniN mAydisidA lApil dAp turatti
20e2c4abaad6447aa85f967b2d294ea3,yol yasax rasHotini kOpcilikniN pikiri boyicA hAl qilduq
9a603b6f63064f87b4754d9ab50fa995,silArdA tAntArbiyA kiyimliri Hurun pAlto yuN popayka yoq vikAn
d4bc41198a694483904d3793a64af262,bu qanal vikki muhim sanavAt xAhArlirini bir birigA baGlap turidu
6819804ccd9a42f9aa18c43d0fb486b9,bu tariHtiki vaddiy kOz bilAn sizilGan vAN toGra mars yUzi HAritisi bolup hesablinidu
64f6b9d47eda4ec48ec488d2ec41690b,vu bizni yAnA vuniN vUcUn vAjir siNdUrUxkA kUc ciqirixqa dAwAt qildi
d7351dbb04fd46489a46950c52bdc75a,baxqa rayonlardin vaxHabardqa kelidiGan kixilArmu vaxHabadta tatliq su vobdan turar jayGa yemAkliklArgA vigA bolGan
5dde2552beb0458b987b207347791fd3,bu vadAmniN pozitsiyisi tolimu tAkAbbur vikAn
818378ce585849c48fc84727c8998e30,biz dArhal vuni doHturHaniGa vapirayli
7d0992e7ed244675b5234af1433a3229,bizniN silArni vizdiximiz silAl bilAn vAN vaHirqi tOlAm toGruluq sOzlixix vUcUn
e6ab885e2df4435cbe459687197facce,bir yilda yanwar fewral mart vaprel viyun viyul vawGust sinteAbir vOktAbir noyabir vayliri bar
26890f0ad91746089f25d1d390939d76,hAr millAt vixci HizmAtciliri yotqan kOrpA kiyim kecAk qatarliq buyumlarni vivanA qildi
7df49a1c751e402cbae01d120631fe95,vu yaxanGan tAnha vadAm davim cayHanidin ciqmay baxqilar bilAn paraNlixip volturuxqa vamraq
56f0491e2a4847d4b3145e5847982a8f,vOzi yazGan dunyawilixix toGrisidiki kitabnimu bArduq
d65e3c028dc44c1fbbebf12abd4a0ad7,vOyimizdA mehman boluxuNlarni qarxi valimiz
ea6dc2d1fb4c46808a101c953aa11ba8,sizgA hawa vissip kAtkAckA vissiq vOtUp ketiptu
c4a5d7de58ac498d99fb1da99c95f768,maNa bir belAt zakaz qilip beriN rAhmAt
bf56b692a08e47968c99df8ac36890cb,vAtA cUxtin burun yuyup bolGan kiyimlArni sizgA vAkilip berimAn
bcca3b88bd114ecb9d045dcf08890866,vallahniN rAhmiti bilAn nahayiti voNuxluq wA kONUllUk boldi
0235629c4bc74332b4bb21ac26d75914,vavilANdikilArniN patraq dOlitimizgA berip sayahAt qilixiNlarni vUmid qilimAn
2e0c9a36f1404ce0801631afd5c54b24,qarxekArniN tAbiviti mOtidil vOpkigA nAmlik yAtkUzidu
99c00ab5251e46c5b452eda1aef50226,nahiyA tAwAsidiki GazkOl yezisiniN yenida qazankOl yezisi bar
f9b80386d04142c9bd66649bc77b66a8,siz tAkxUrgAn vAhwaliNizni kOpcilikkA tonuxturup vOtUN
3f8bcb25d6cf4477996b3045999acae0,yax vaptorlarGa vaz tola paydisi tegip qalsa vAjAb vAmAs
cf2cf95874bc49629938f43f3af78486,vu vekranni qAdAmmu qAdAm sUrUp vikki metirdAk yiraqlatqan bolsimu lekin yAnila fluvorsent yoruqluqi caqnidi
c72a581d52334547b62603f086e093ca,qeriliq wA vOlUmdin heckim qecip qutulalmaydu
458a1678ebd74bc5b8d9fa929c02a644,bir qisim qAhwAHana mihmansaraylarmu Heridar jAlp qilix vUcUn vamanliq saqliGuci yallidi
9f794bba30d7439f9adf894dcc553fa1,vuniN vUstigA zapcaslirini vinternet tori varqiliq qanunluq setiwalGili bolidu
b2225bfd20d24fc3b2f2dd3c0db6e594,bu vAjdatlirimizdin bizgicA vUzUlmAy dawamlixip keliwatqan vAnvAniwi vadAt
575ddec2af754e439acc5794e0dfa215,vAgAr vadAm vOz namratliqiGa xUkUr qilsa vu mANgU bay bolalmaydu
ab253dd4ccf04fe5aedcbec2874249c7,waqit hAmmidin qimmAtliktur vuni hArgiz bihudA vOtkUzmAN
2ab53543442b45488e099e3bab8214c1,vu kOpcilikkA bir vesil nomur vorundap bArdi
4170261a2f2746168b1f29b4bae94619,daNliq pedagog doktorliri balilarniN vAqil parasiti qol barmiqi vUstidA dAp qaraydikAn
61599a06f6004a05bf9b6cbeff33cb49,vundaq vadAmni tapalisam vicki boca valtunni qoral val dAp berAttim
d71e5586cb124aabb29f1eb43c323225,bu yil yazda teHi yeqindila jyaNjyexi xeNsAygA mawzimin jin tAnxyu linjilularni vOltUrUx toGrisida yolyoruq bArdi
ea239e62be8e4abfba5703d9b79ea8e4,picAkgUl zAhArlik yilini tuyuqsiz hujum qildi
51168a63a0074d149e2fb2bb1dc13ecc,heytniN birinci kUni yAni zulhAjjA veniN hijriyiniN veyi kUni kUn nAyzA buyi vOrligAndin baxlap kUn qayrilGicA bolGan variliqta qurban heyt namizi dAp niyAt qilip jamavAt bolup vikki rAkkAt namaz voqulidu
cd9ffbf6ae5a43baba4b2832e9b54f20,kelnikliq vipadiliri wA vayallar bOlUmidiki tAkxUrUx nAtijilirigA vasasAn divagnoz qoyux vancA tAs vAmAt vAgAr baliyatqu boyni zedisi vikkinci dArijigA yAtkAn bolsa baliyatqu boynidin suwalma velip tAkxUrUp rak hUjAyriniN bar yoqliGini veniqlaymiz
00a162cfb74743ce97946db56ffb1099,misir qiyin vAhwalda qalGanda vilgiriki baxqurGuci meniN misirdiki qullirimni wA kOcmA mUlkimni qattiq qoGdap vavilAmni hecqandaq ziyanGa vucratmiGan
4af4b512e8d64fa18ee5ced0d696752e,picAkgUl zAhArlik yilini tuyuqsiz hujum qildi
69f6408b0bd742aab9d368aa60cff052,somkamda benzin vambur kuluc vAtwirkA bolqa qatarliqlar bar
dde94aebd8c94e7dbd6b5c6a564e5f36,caqiliq nahiyisiniN kona xAhAr Harabisidin tepilGan tUrk ronik yeziqidiki yAttinci vAsirlArgA mAnsup cUx tAbiri bolGan veriq bitigA yuqiriqidAk qaraxlarniN yAnA bir muhim dAlilidur
52d5d594285d429ab427862d9e91ff72,kUndin kUngA vOtUp vOzUnU qizi vayuxtap qalidikAn peyizatta qizi sOmUyUp ketAdikAn
dac46bfdf4fd4b54b031734f0d59749d,bir miN toqquz yUz von bAxinci yildin bir miN toqquz yUz von sAkkizinci yilGicA tUrkiyA valimi kilsili vAHmAt rexat diwanuN vUc tomluq faksimilini nAxr qildurdi
2fe36c4ab0dd4e7d8952518c3e352f99,yAsAwiyA sofizmi caGatay keyinki sofizm vAdAbiyatiniN vestetik videvalizmniN vikki Hil tema wA bAdiviy vAnvAnisini barliqqa kAltUrgAn
423f5944b7d94fe7a4ef72692e9a0024,bu dora vuntuGaqliq saraNliq tutqaqliq vaqtaG bArAs mupasil vaxqazan vaGriqliri sUydUk temip kelix sozulma yOtAl bowasir yArqan suddA wA tal kesAlliklirigA payda qilidu
e0b0a926ac2b4b59b7a9c0462b59d6ce,vular hAr qetim yipxen caqniGanda warqirixip kOk rAhmAt veytip turGan yArlirini tArik vetidu wA qilixlirini voynitidu
a480ab482f8c46bca98dddf9c2beef08,vislahat hOkUmiti qurulup vuzun vOtmAy soga jAmAti bilAn tAHttin cUxkAn xahzadA furo kona muxtumzorlar jAmAti bilAn til biriktUrUp visyan kOtUrUxkA vurundi biraq basturuwetildi
2177a60c3f994600aa9b8c5a98593dbd,vaHirqi padixah biNjuNni tartquzup qoyup vorda vAmriningkA voHxax muvamilidin bAhrimAn bolGuci HexyuNvAnni tUrklArgA tabar Haqandin yardAm soraxqa vAwAtti
66e2ff8ed1244791bd505f03172b1925,yezilarda vicimlik su biHAtArliki quruluxini tezlitip yuqiri ftorluq yuqiri varsnliq bulGanGan su mAsilisini wA qan xoriGuci qurt kesili bar jaylardiki vicimlik suniN biHAtArliki mAsilisini valdin hAl qilix kerAk
a07320a46cfb4e849e4699620f33b149,vonsu nahiyisiniN gUlawat yeza vaqvOstAN kAntidiki yAtmix yaxliq boway nurAk vawutqa von yil burun sAwAbsizla bir kicik til ciqqan
6ce4ace749ba4c74b6684d13137e9622,balilarda taxma pAyda bolup bAk qicixip kAtkAndA kalamin dorisini sUrkAp qicixixniN valdini velixqa bolidu qaxlap yara qiliwAtkAndA gentivan wivolet dorisni sUrkAx kerAk
0b51f754a46f476aa86a002193b56ef7,pul ciqim qiliGuci perewot cekini tapxuruwalGanda qayturma talonGa vimza qoyuxi lazim
d4c8e94b8eff4ca08831e93faeb103f7,bu gezitniN nami tAswiriy vAfkar bolup vu vosmanli vimperiyisiniN vaHbaratciliq vixliriniN baxlanGanliqiGa wAkillik qilatti
8ffc7717fa7e43b4b6c307283972d0df,kUrAxci vayrupilanniN bax layihiligUcisi konstantin mabasef mundaq dedi
9b765cca70f245a3917bda9dfde3f5af,jinxajyaN dAryasidiki xyaNjya tosmisi su velektr vistansisi quruluxida vix baxlandi
df5c0f677a3646f3878696ab885668bd,vAjAllik yeri buniN nAtijisidA sAn bizgA tAluq mAnpAvAt baxqilarniN cOntikigA cUxUp ketidu sAn biz bolsaq hAqliq nesiwimizdin vayrilip vaxu rowuk peti qeliwerimiz
0ba22c29299a4122be5ee6050ed97f71,halbuki sAn vata vaniniN nAsihAtini qulaqta tutux pArzAnt vUcUn pArz dAp nAccA rAt vetqan turuqluq vAmAliyAttA Hirovin tUtUnigA vAsir bolup paskiniliq kocisida laGaylap yursAN bu qilmixiN bilAn sAn munapiqliq qilGan bolisAn
64fd9d4d15434780b1bb1aff79f95d9f,mAn bAkrAk kOrgAn vaqsu kuca qatarliq xAhArlArniN bAzi kocilirida baxtin vaHiri pavaxHanilar yamrap kAtkAn vularniN veridar caqirixidin vata bala bir yArdA maNGili bolmas bolup kAtti hAtta mAn kucada vatalmix hOsin tUzAx vorniGa toluqsizniN voquGuci baliliriniN kirip sodixiwatqanliqimu kOrdUm hAmdA buzuqcilar muxu yArdin tarqilidu
0f05ebc71cf849bfbea025936906ed00,mAn davim kAnt sirtidiki bambukzarliqqa berip yalGuz vOzUm vaylinip yUrimAn
ecfacaf5dd594fe9b4922e608c5772d1,bAzi balilarda kOpincA vinduksiyA tApAkkuri voHxax bolGan pikir tApAkkuri bolidu
e2e87684c71b4f26972904e48378f453,bu vixlardin gaNgirap qalGan haji boway nemA deyixni bilmAy turGanda heliqi boway veGiz vecip tAlAp viltijaliri bolsa veytsa bolidiGanliqini xunisi vesidA bolsunki pAqAt birla tAlipini qanduralaydiGanliqini hajitni bayan qilsa bolidiGanliqini veytti
aafd554ff12442e890beb4f3812a7b4f,kUsAn qAdimki dOliti qurulGan jay nahiyA wA vAtrapida tANirda sirliq coN jilGisi qizil taxkemirliri qumtura meNvOyi subax kona xAhiri qatarliq dOlAt dArcilik vaptonom rayon dArcilik mAdAniy yadikarliqlarni qoGdax vornidin vottuz nAccisi bar
1a1c1441daa9462b918aaf2b35a0eee3,tApAkkur vadAm vOzini vOz halakAtkA baxlaydu
3fcaf7e9b59e4ba3bbdc10f0bd5893a0,baliniN vemip bolGandin keyin nahayiti tez vuHlap qelixiniN sAwAbi vana sUtiniN tArkibidA tAbiviy morfin maddisi bolup baliniN vOy qisini kAltUridu
2f53d2bb2f0045949ee0b5d0c6320339,vilgiri yamGur yaGsila pUtUn yAr patqaq bolup ketAtti
0c6fa0a5593146d6bdee595117ecd2f1,vislahat hOkUmiti qurulup vuzun vOtmAy soga jAmAti bilAn tAHttin cUxkAn xAhsAdA furo kona muxtumzorlar jAmAti bilAn til biriktUrUp visyan kOtUrUxkA vurundi biraH basturuwetildi
69cd805917a9418094d28d54717c9e2b,temurbuqa wAlivAhdniN nAwrA qizGa vOylinip yUAn sulalisiniN mArkiziy hOkUmitidA vixikvaGisiliq wAzipisini vOtigAc vidiqutniN vixliriGa yetAkcilik qilGan keyin qoco qatarliq jaylarniN bax vAmirlAxkAr qoxuni qoxumcA qoco Hani bolGanidi
fd6b0fb452c14bbaa1a4820917b1ece7,wuzetyAn bularni vaNlap taNxyujinni yAnimu vOstUrUp voN qanat bAhAywAt yasawullar sanGuni wA muhapizAtcilAr yasawulHanisi valiy sanGuni qilip yazki qAsirniN yandax begi qilip qiqinos sariyi wA sumruG sariyidiki vUc dArijilik vAmAldarlarGa tANlAxtUrdi
ca0bcb4c043d43e695420d98d6c570cf,mollilar HAlqniN cUxAncisini mUjmAllAxtUrUx vUcUn lAwhulmAhpuzda xundaq deyilgAn dAytti
e3d3df31d4ee460184aadca3b1fe9f73,kAxif supizmcilar vibadAtlirini GayisigA yAtkUzUxtA kAxfkA kUclUk mAnbA sUpitidA tayinidu
da4e70327784465d86b1f9b58fec9777,bu vetotniN tili yumurluq hAm vOtkUr bolup hAjwiyliki nahayiti kUclUk
d371589fdb6a4617aad2b70cc9799c2c,haxim pocA visimlik wijikkini yoGan kOz burutluq yigit vuniNdin vegiz kim bar bu tONgirAktA dedi
41663098c6474dd0beb71f85348fed9d,vuzun vOtmAy mehman janaplar kelxti powUska hAm pikaplar yeGip kAtti
a4dabaea045445ea9ef87ea66bd3f5c7,bu qetimqi yiGinGa vuyGur sayraniriN yifey qatarliq yoldaxlar qatnaxti
7e12aabad3c84483bc2cd8bf877d535f,wrangel basmicilirini tezdin tazilax vUcUn partiyA mArkiziy komiteti GArbiy jAnub frontiniN qirim jAN mAydanini mustAqil jAnubiy fronit dAp vayridi wA qararni vorunlaxturuxqa stalinni mAsvul qildi
eaf1665a7cbe47729adb0dbeb9b4d717,bu kiyim saHta wA nacar mAhsulat vikAn suGa tAgsila vONUp ketidikAn
8e531c640dc8439db912b0459830fa92,mAn qaytip kelix yolida Huddi HotspoGa voHxax HAtArlik tikAn catqallar varisidin biHAtArlik gUlini vUzUwaldim
65e1e42984fc47b597de46f779dccc34,tuluqlax wA tUzitix sUrUki hAq tAlAp dAwa qanuni niN maddisida bAlgilAngAn mOhlAtkA qoxup hesablanmaydu
4598558482f546048c22c4e7c5c6ce69,mAsilAn xaptulni vartuq vistemal qilGanda qizix qorsaq kOpUx vixtihasi tutuluxni kAltUrUp ciqiridu
4fd2bdd55e3042859570ef2b9a5f1333,dAl xuni kUtUp turGan valmas caqqanliq bilAn taGarniN vaGzini buGdi vala boylaq dAslAptA bir vikkini GiNxiGandAk qildiyu taGar vicigA valdin selip qoyGan yeNi coqqiniN puriqini sezip coqqa Gajax bilAn bolup kAtti
b573e47066df4a90b77b1447434a164f,niJni nowgorodqa kAlgAndA flot qirGiqida toHtap tAyyarliGan vAxyalarni qacilap dubwik dAp vatilidiGan keminiN vAmrahliqida dawamliq valGa qarap maNGan
e09b8170a4bd4a8ca0636c961d61f135,lekin hiylA mikirdA seniN valdiNda yip vexAlmAydikAnmAn seniN balilarni zAnjirsiz tutqun Hurjunsiz diwanA qilip baGliwelixiN vUcUn guppaNci bolup bArginimni vAmdi cUxAndim
f41b55ba9a9a4cc0a11e209bb3dd706a,mAn vAqil yexiGa qAdAm qoyGinimdin keyin hAq tAbiviyitimigA bAHxAndA qilGan Garayibcanliq vAstayidilliq wA muxkUlatciliq rohiniN tUrtkisi bilAn tUrkiy til vUstidA mulahizA yUrgUzUxni lazim taptim
d5b36311faee4508bc1e51cdbf26a0d5,bu coN wAzirlAr bolsa Horenji yuAnzuN cyaw weydaw lo yuAnjaN yuAncuN yAnA wu vavilisidikilArdin wu sAnsi wu yowniN hAmdA HanniN vixAncisigA verixkAn ji wAn qatarliqlar vidi
1bf6f82c1157499d9ad0887370df9173,vuniN qebtiy tilidiki qebtiylarGa vavit yizilGan vilmi yiziqi nAqix cUxUxlirigA qAdAr tAsirini kOrsAtkAn
8fe5e45c90e540b5804b9804980ac6fb,ziyawudun xulardin qoGun beqixniN yollirini vOginiwalGan vuniN yazliq tawuzliri pixti hAtta keyin pixidiGan miJgan seriq qoGunlirimu tAyyar boldi
f53793b8162d4809ad73646a74208267,lahordiki jamavAt Gulam vAhmAd mirzini pAqAt mujAdid yeNiliqcisi dApla qaraydu
54b0298861214df1819662037b6e7276,vAmAliy vehtiyajGa vasasAn sarsniN yuqum vAhwalini kUndA mAlum qilix hAptidA mAlum qilixqa vOzgArtildi
86f735b5ded444efabb377872b9af7bf,subutay batur bir miN toqquz yUz vAllik bAxinci yili vazuw deNiziGa quyulidiGan qalqa dAryaziniN boyida vawwal qipcaqlarni vandin keyin rus kenAzliriniN birlAxmA qoxunini tarmar qildi
b1e62581296543f8a662db67d6da937a,kaliforniyA vuniwersiteti qarmiqidiki dApuz mAktipidA velip berilGan bir qatar tAkxUrUxlArdin vispatlinixicA vayallarniN tenidA yigirmA bAx pirsAnt may maddisi vArlArniN tenidA von bAx pirsAnt may maddisi bolidikAn
0a4be9ff4fb34e5694b27d04121cd567,germaniyA varmiyisi Harkowni vixGal qilGandin keyin valahidA qarxiliqqa vucrimiGacqa kazacyalopanni vixGal qilGanidi
ef36c8d69f7d4c82977b575ff171791f,vamerika zuNtuNiniN vAN yeqin yardAmcisi Harri wawgan bilAn james wardaman vuni pAlAmpAydA kUtUwaldi
299865913d4640a780e39754f04bacf5,sOz vArkinliki pOz vArkinliki degAn vomumiy telegrammilarGa qoxumcA qilidiGan vadAm ciqmidiGu
5f98d54da9874d5dadd3a433edb3e6fc,bu yil yigirmA sAkkiz yaxqa kirgAn joxwakiy vAslidA vamerika varmiyisi qiriq vUcinci sapyurlar rotisida vikAn
e39757002e9c4602a8de75de7c94c6a6,jinxajyaN dAryasidiki xyaNjya tosmisi su velektr vistansisi quruluxida vix baxlandi
55f7db27632b4da48bf1a180dab88383,qoruqniN valdiGa vUrUk vUjmA valma vamut xaptul vanar gilas yaNaq badamlardin kANri baG qilinGan baGqa yapsarlap yAr vecilGan bolup yArgA buGday qonaq qoGun tawuz camNor sAwzA kAndir zaraNza qatarliqlar terilatti
d87e15421c084a7cac28e8b373dc3c48,taN vetip qarliq coqqilardin cecilGan quyax nurliri vaq xayiGa besilGan zArdAk yaltiraxqa baxliGanda bOtOti jilGisi Huda vuzaq yillar vuyquGa bAnd qilGan tilsimattAk jimjit yatatti
6d0cc562a4bc49c986218aa8db81b2a1,baldur mAwjudqa kAlgAn demukiratiyA voHximiGan tarmaq birlAxmilAr wA vasasiy qatlamlarniN veqtisadniN vajiz boliwatqanliqiniN sAwAbi bolixi mumkin
30ed1ba50283451dba2b2199aba10641,muxu toqquzinci vaydin baxlap juNgo hindistan cegrisidiki vamerika hawa varmiyisiniN von vUcinci wA von tOtinci qisimlirini vixqa selip gomidaNniN HunAn guaNxilardiki varmiyisini nAnjiN tyAnjin beypiNlarGa turuxni baxliwAtti
82b5a7cc9d7946d49615857734d0dffe,biz bu suluq diyarda yeNi yilni qeyiq bAygiz bilAn vOtkUzUx vadimni voyliGinimizda bayqal lina dAryasi vaGzidiki ciNgizHan jilGisiGa sizilGan qiya tax sUrAtliridiki qeyiq bAygisi kOrUnUxlirini qAdimki su muz bayrimi pavaliyAtliriniN tAswiri dAp vataxqa hAqliqmiz
7fabab8c23dd48989d64c3c87ac16f09,vuyGur HAlqiniN mAxhur valimi talantliq vAdibi tOhtikar baGweni mol mewilik professori vabduxkur muhAmmAd vimin vOziniN bir talay yazmilirini gUzAl varzu varmanlirini HAlqigA qaldurup zeqqa kesili tuyuqsiz qozGilixi sAwAbi bilAn bu valAm bilAn HAyrlAxti
72306be3fce446a698e73c3ae59a8c28,meNidiki buzuq Hiyallarni taxlatquzux meNisini kUclAndUrUx vUcUn mAjuni nujah Himiri mArwayit mAjuni muqAwwi qatarliq dorilarni vixlitip berix kerAk
4a7df31ce5f2480099ae0933bf42791e,bAlbeGimda vuniN tUgUklUk qAGizi bar
8a8490664b364a29b055d4375547e41c,buniNda qAlAmpur lacindanA jOzniN hAr biri von gramdin tANxAlsA bolidu
decccb2e06e24e3d81cca681f71c9ea3,jAnubiy yol vudun jujuf qirpanA qatarliq jaylarni besip vOtidu
cb9b71a0f92b439484dcffd9cc5fc0c9,piraffisor frit star vApAndiniN qarixicA mArkiziy vasiya dOlAtliriniN qatnax yollirini yaHxilax mAsilisidA vAmkarlixi valmasliqidiki vasasiy sAwAb biHAtArlik wA xaravit mAsilisi vAmAs bAlki vicki mAsililAr hAm cAklimilAr vAN zor tosaqlarniN biyokratiyA wA qAGAwazliq vikAnliki dur
274ae68b639a43408f0ee1eb7a9929a4,rajih vabderixid xinjaN qanunciliq gezitidiki tahir rAHman bilAn yaHxi dostlardin vidi
d33ef2ddd56b4124b90e7fbee6841235,vAmAldar vAwAsA qamap qoyGudAk xuNa sora tarilix qAbilisidin vAlci vAwAtkAn vidim
474ceb6f396d4eaea1a74bbe3884b475,sulfadnilamid tUridiki dorilarni vistemal qilGanda suni kOprAk vicix kerAk bolmisa vasanla zArdab kesila kelip ciqidu
fcf03af41c6a424d99b5e52d6a6a4549,haytiliq qiz mari kaxusniN yUzidA vikki kilogram veGirliqta vaz kOrUlidiGan vOsmA pAyda bolup qalGan
4343ce416eab4b819781976b22ac6e69,kaliforniyA vuniwersiteti qarmiqidiki dApors mAktipidA velip berilGan bir qatar tAkxUrUxlArdin vispatlinixicA vayallarniN tenidA yigirmA bAx pirsAnt may maddisi vArlArniN tenidA von bAx pirsAnt may maddisi bolidikAn
f18c3c650d664177bd0fe60e129d0367,diyarimizda vAlmisaqtin dawamlixip kAlgAn HAlqvara yipAk yoliniN Harablixixi wA vuyGur rohiytidiki bekinmA halAtniN xAkillinixidA vappaq Hoja wAkillikidiki hAHtum vAzAm vAwladliri biwastA kOrUnArlik rol voynidi
9b5b98dc2d0e4dffa558f31a246037d9,meHanik tipliq vuruq cUxUrgUc gorizuntal diskiliq vuruq cUxUrgUc yantu deskiliq vuruq cUxUrgUc tik voyman caqliq vuruq cUxUrgUc qisqucluq wA tasmiliq vuruq cUxUrgUcni vOz vicigA validu
f47c55a2385a40eb97e04f167ab2a680,diriJor qaytidin sAhnigA ciqip vorkestirniN yUnmiclniN cirisniN teNi namliq muzikini celixiGa diriJorluq qildi cUnki dAl muxu muzika sAwAbidin klinton qiziGa cirsiy dAp visim qoyGanidi vu hazir vata vanisiniN yenida volturatti
9ad9eb4a4c2249a09c3d27b8bd71f924,bir qatar vilmiy vAsArlAr jUmlidin vAHmAt yUknAkiniN didaktik dastani vAtAbAtul haqayiqmu HaqaniyA vuyGur tili bilAn yizilGan
1e307ea6fb104dc2a24ecefde4fa4f92,bu yAr caqiliq yandaxqaq mirAn paHtabulaq dONkOl saslAngAr xorveGil lawza qoxlANzA yetim veGil dOqax qumquduq qoxquduq bolup qoxquduqtin toHolu voymanliGiGicA yAnA von vUc vOtAN bar
a409ba909ff94295809edb1f6f23cbaa,vAjdadlirimiz burundin valtun yipta toqulGan zArkin qizil buGa terisi qizil qum xuyyin vipar kUrkUmgUl suHAt zArwAndi qarimuc biba tax vAsAl cUcUk hesAl coN cilan parpa helilA kUcUk qap tUz doGi seriq mArgimux qatarliqlarni vixlitip kAlgAn
49adcc116a064eb8ba1b22620d8414be,pAhliwi hakimiyitiniN GArbpArAs siyasiti xivAllArni yAnbir qetim veGir voNuxsizliqqa vucratqan
e48c74ce922e4d9ca65b1ee763cf17f2,vu pawelniN sOzini swetayefniN vabruyini tOkkAnlik dAp qarap vuniNGa qayturma zArbA berix qararGa kAldi
0dece5ece3ab4508ad88f8654fc7933a,mawzeduN tariH voqux lAhci Hatirisi degAn kitablarni nahayiti yaHxi kOrAtti
e06f5c6720a94344affae8994ee98f6f,taGda yazni vOtkUzUwalsaq patiHlarmu kelip qalidu
3fe7e55c9fd144e5a834418df0de4520,varamgahtiki valtun kUmUxlArni dAp sidam nAqixlik vegiz kariwatniN paciqiGa baGlap qoyulGan qara qanjuq valmasni sezip qelip goya vadAm yAydiGan vAlpazda yulqunup qawaxqa baxlidi
cce4aaa57acd418293d33c9a89258475,kerim vuni birnAccA sekunt kUzitip beqip Gipla qilip munciGa kirip kAtti gArcA hArbir kixilik yuyunux vorni vadAm boyidin vegizrAk tam bilAn vayriwetilgAn bolsimu lekin vixik vorniGa reHq dArdA tartip qoyulGan vidi
464f7e68fb994571af80954e5ca329bb,vArzimAs vix vUcUn qatilliq qilip bir vadAmni vOltUrgAn jinayAtci lyaN jOfu vaptonom rayonluq yuqiri HAlq sot mAhkimisi tAripidin vOlUmgA hOkUm qilindi
8e57fcf0bda9429c952d75b065afd8bc,vOyimizdA siz marksizm leninizm toGrisida kurcAktikilArgA nutuq sOzlAyttiNiz
5a530d967344454ea5aa02cfa010063e,sAkkizinci may kUni reHistag vUstigA sowet bayriqi qadaldi bu bAlki viGwadur
dae368cbee5841038cf3f80c47b83463,mAdristiki dArsHanisida volturup vuluG kitablardin dArs veytsiGu Hox lAbbAy dAp volturar viduq
f14d0cb5af9c41649b64c1916d7dc1aa,picAkgUl zAhArlik yilini tuyuqsiz hujum qildi
b939a4cda43549caa3bc3641836948ff,vislamvabad saqci idarisiniN baxliqi cahdul vehtiyat muHbirlarGa mundaq dedi visraviliyA saqci daviriliri zuNtuN kacafniN jinsiy tAkxUrUxni vaHirlaxturup zuNtuN vUstidin vArz qilixni tAklip qildu
9639a7b08ecd411daa270379c2660d0e,zagrus taG tizmisi bilAn kuhrud taG tizmisi viranniN kOp qisim stratégiyilik nixanlirini qoghdap turidu
f179a380e9894759be02c4f44404f77a,vikki kUnlUk pakistan hindistan diplomatiyA katipliri dArijiliklAr sOhbitidA hindistan diplomatiyA katipi siwsankar meynon bilAn vUc kixilik birlAxmA terrorluqqa qarxi turux vorgini quruxqa qoxulduq dedi
34bc6641f5e54918a5110c48f9c044a2,vuniN viz basari bolGan medwedewniN vinawitimu vAslidiki vikki pirsAnttin von yAttA pirsAntkA vOrlAp baxqa siyasiy vArbablar bilAn bolGan pArqi zorayGan
d37e0de525644b30bb22cdc492ab072a,rosiyiliklAr bereJnewni yad vetiwatidu
9a4fbac50a7245588cd97a14c095d901,qatnax ministirlikiniN muvawin ministiri weNyiNmiN muxu vayniN von sAkkizinci kUni taxyollardin hAqAlix siyasiti yAnila dOlAt quruluxidiki bir tUrlUk muhim siyasAt bu nuqta vuzaq mAzgilgUci vOzgArmAydu dedi
f1d125be0ff048a89d6aed5f34ea1697,bolupmu bAdAn quwwiti yetilip vixtihasi kUnseri zoriyip zehniy quwwitini kUnseri Horitiwatqan studentlirimiz vUcUn qorsiqi vacqanda bahasi muwapiq veGiziGa vanisi vetip bArgAn tawamlardAk namizlik tawam yeyixmu voNay vAmAs
ff126548a3af4f049b05d4664b420851,kAri xirnisi sUrkAlgAn bir burda capatqa gupalniN bir waH tamiqi hesablinikAn
cd99e3f050c145539b15bf2f38a1561e,dunya bankisiniN baxliqi pawlo wolforwez pariJ sada geziti muHbiriniN ziyaritini qobul qilGanda mundaq dedi
58610def8cb4467780640dfcd9610fac,yigirmA bAx pirsAntlik vikaluksniN miN hAssilik veritmisi yaki von pirsAntlik fastakniN vikki miN hAssilik veritmisigA tAN miqdarda vUnUm vaxurux dorisi qoxup tOt bAx kUndA bir qetimdin vuda vikki vUc qetim pUrkUsA bolidu
4befdedd3a4e45f6916dd137ae2949a0,bu vetotniN tili yumurluq hAm vOtkUr bolup hAjwiyliki nahayiti kUclUk
c15f52efd5374cd480e4a4d7e94b83df,vu seni vozuq qilmaqci votluquNni yoqatmaqci sAn buni bilmAysAn bicarA Hojuniyaz haji bOrA bilAn veyiqniN valdiniGa cUxti
fa4e47d99bc94bb7bd12f659ded4fc20,bexiGa sokna xApkA putiGa kona tAtir baxliq bajingir kiygAn voquGuci yigit dehqan vatliri bilAn tAN yUgUrUp vuzun tUzni tUgAtti
522bed2cf325449c95cf02b268f97b78,hAr kUni sAhArdA turup qoyciliridin qancA tOl valduq dAp soraxniN vorniGa qoylarniN qumluqi qancA dAp soriGudAk
35964ac74ad14422bcba019ed3f6f8b1,toqquzi tAl vabey kAwsAr vili dArya sUliri bulbul sayrap kAtmAs vuniN behix kAbi baGliri
41bc4f0f89084782a12da1258c425657,yarAb degAn rAdif bilAn GAzAl xAklidA yezilGan bu xevir mundaq vidi
f0bb81d84093439c8375b2d07a19ac8f,buniN varqidinla divalogqa munasiwAtlik soval votturiGa qoyulidu
a0dc91250d8d48e5bcb8d7f19404e1ce,vAmAliy vehtiyajGa vasasAn sarsniN yuqum vAhwalini kUndA mAlum qilix hAptidA mAlum qilixqa vOzgArtildi
82c10ed1bb754b91b883fd3a4232dd10,bu kiyim saHta wA nacar mAhsulat vikAn suGa tAgsila vONUp ketidikAn
cf785f683e874492bf9ca077b2996404,picAkgUl zAhArlik yilini tuyuqsiz hujum qildi
2eaa11b11c454e328905145c85670034,yawropa valAm qatnix vidarisidiki valim HepnerniN veytixicA bu sinaq tUrini yolGa qoyuxtiki vasasiy mAqsAt vadAmniN valAm boxluqida pavaliyAt velip barGandiki bArdaxliq berix viqtidarini tAkxUrUx xundaqla yUz berix vehtimali bolGan HAtArlArni vigilAx vUcUn vikAn
f75538712e63420797d38a4bf165bf30,bu xilimxiq suyuqluq dAp vatilidiGan su qatlimi tAbiviy bufferlax rayoni
5fd65695e0cd43a69acd64efac51d442,HanimiNizniN kesili Heli veGir dostum feJlin doHturni caqirtip kOrsitip baqsiNiz bolatti
c86dca30be6446a28c394bc68973e3a7,vu vUc boGuzGa barmiGan mOjizA yaratmiGan bAlki kojravinGa jAN velan qilGan waqtidila voGul baliGa voHxiGanidi
60b2258cfacd4dd9a03bdd7983283dc5,lAxkiriy vixlar pirqisi yandax begi HusjeN koriyAgA qecip kAtkAnliktin padixah sUy yaNdi pey jUniN qoxumcA lAxkiriy vixlarni tutuxi hAqqidA pArmAn ciqardi
00f5d005d3af4d37b3d207e5324dfb3f,wakalitAn setix dukanliri wakalitAn satqan boyumlar wA gOrOHHanilar satqan qayturulmaydiGan buyumlarda baj tapxurGuci vaddiy hesablax vusuli boyicA valtA pirsAntlik baj velix nisbitidA qoxulma qimmAt beji tapxuridu
25fca0b3bdd1488a8e3cd37656a2a420,hAtta qilic yaki qalqan taqiGan batur jANcimu nemiy vorminidin tirik ciqmaydikAn cUnki qoral yirtquc xir valdida vajizliq qilidikAn vuniN terisini nAyzimu voqya voqimu texip vOtAlmAydikAn
fd32858c613241559ed1aac622a33bf8,Hojayin pAx taHtidin beliq konserwalirini velip vuni qizcaqqa sunup turup vAqilliq qiz buni dArhal vapiNizGa vapirip beriN dedi
36ca252e90fe4e9eb382d61a7d0e4021,kONlUm gUl tArgUci bolup bu gUlxAn rAyhanzardin bi hesab Hux puraq gUllArni yiGdi
5c4bd292ae834fb0b5c6f19a7e440976,Gopur haji bir miN toqquz yUz vAllik tOtinci yilidin baxlap xagir tArbiyilAxkA vAhmiyAt berip HAlipAm mAtnura degAn kixilArni hAmdA mAmtimin qatarliqlarni tArbiyilAp yetixtUrUp ciqqan
f8fd8f270a024e59a1f1112ed5129311,jAnnAtni cUxidA kOrsA GAm Gussidin Halas boluxniN rahAt paraGAtniN bixaritidur
934f20741d9d4f67873d4ea38d377ac5,buniN varqidinla divalogqa munasiwAtlik soval votturiGa qoyulidu
e8838896304e4c178958b32cda5af3e9,ziyawudun nAzArHan HojamniN gUmbAzlik qAbrisigA kelip vattin cUxUp tizlinip volturdi wA vAlhAmdu bilAn qulhuwellahu vAhAd ni voqup qiravAt qildi
ec254f5f0419433c89cc3a956dbf8b23,nahiyilik HAlq hOkUmiti bu yil vatmix tuyaq safuq qocqiri setiwaldi
7bfb2fcf792148d79d8535d3092c34c5,vilmiy tAtqiqat bizgA virsiy genniN solHayliqniN xAkillinix jAryanida yetAkcilik rolini voynaydiGanliqini hArgizmu sol qolini kOp vixlAtkAnlik sAwAbidin bolmaydiGanliqini cUxAndUrUp bArdi
2799a79f2ffe49a2b4bbec035306c87c,nAsridin vApAndi xAhAr hakimi sAvid vibrahim sultan hAdiyA qilGan vOydA volturatti
3419617396484536955d2baef698b2f4,zunun qadir tarbaGatay wilayitiniN dOrbiljin nahiyisidA kAmbAGAl vavilidA dunyaGa kAlgAn vuniN baliliq wA vOsmUrlUk dAwri viHtisadiy jAhAttA gumran boluxqa turmux jAhAttA namratlixixqa yUzlAngAn vuyGur yezilirida vOtkAn
09a747557146454cb95eab6d85a6f59c,vUrUmciniN ximalidin tAHminAn von kilometir yiraqliqtiki fukaNdin vUrUmciniN ximaliy wogzaliGa baridiGan mAHsus linyilik poyiz fukaN xAhiri tOmUr yolidin vOtUwatqanda kOwrUk vOrUlUp ketip parawuzniN kAynidiki wagun welisidin ciqip kAtkAn
28f74aed36c245f890bc97ef13e62262,Han jAmAti qoxuni vUcinci qetim xArqqA yUrUx qilixta cAwAndazlarniN sehriy kUci bolGacqa xan xArAp qucti ricad padixahlar varisida rAhbArlik vorniGa vOtti
19fb60836b2d4d7284974b5803881872,bu kiyim saHta wA nacar mAhsulat vikAn suGa tAgsila vONUp ketidikAn
c9606a92dcd24c1ea99020c0991016bb,muxu toqquzinci vaydin baxlap juNgo hindistan cegrisidiki vamerika hawa varmiyisiniN von vUcinci wA von tOtinci qisimlirini vixqa selip gomindaNniN HunAn guaNxilardiki varmiyisini nAnjiN tyAnjin beypiNlarGa toxuxni baxliwAtti
3ab2e81851a445eb9bce4e363c54dd45,vuluG Haqan kOk tANriniN voGli jitHuha vamgoka valiyliriniN sAltAniniN von yAttinci yili tOtinci vayniN yigirmA sAkkizinci kUni seNkAy visimlik bir vAr kixi bar bolup vu rAybo visimlik bir vayalni romeysuGa setixni Halaydu
4eceb9662566448583aa5338955922b1,vintayin vaz perq bilAn meksika zuNtuN saylimida mAGlup bolGandin keyin lopez volawdur kixilArgA rAhbArlik qilip kAN kOlAmlik namayix qiliwatidu
b196ffbf70d44b7290d7012b856d356b,vOyUNda dArdlArni tartip dArdiNgA dArman bolidiGan yaHxi HotunuN bolsa hec nArsidin GAm yemisANmu bolidu
ad9333a59a3d495f93b37048b5615b85,vuruNqiGa voHxaxla mawzduN vuni kOzgila may sAhraliq tompa vay dAp kAmsitkAnseri vu japa muxAqqAtlik kAskin siyasiy kUrAx varqiliq viradisini teHimu ciNitip jAmviyAtkA vOz viradisini wA vOziniN tAlipini taNatti
b059863acabe45f9b08ee540c25efcf5,zAhArlik vOsUmlUklAr tArkibidiki zAhArlik maddilarniN tUri Heli kOp bolup vasasliqi vorganik kesilta vOsUmlUk vixqari floris vefir qatarliqlarni vOz vicigA validu
45cede788cbf4ff7930f67d116fc3230,mubada GAplAt vuyqusi Galip kelip bu kemA su tegidA pinhan yatqan birAr taxqa yaki dAryaGa vUsUp kirgAn birAr tumxuqqa tasadipAn vurulup kAtsA nAvuzubilla qizil qiyamAtniN vOzi bolidu
e0e440e7b3634dc88cbbd209eb9baf77,vaka vuka buddistlar nuqti rAxid wA coqti rAxidlAr kuvenlun taGliriGa cekinip vOzlirini vOltUrUwaldi
5ba3ce64b46c441db8aaa9ed9eacc937,nAsridin vApAndi xAhAr hakimi sAvid vibrahim sultan hAdiyA qilGan vOydA volturatti
7c79ea9c878d41c8a4dd3f07554ac8d0,lenin mawzulini vadAttA rosiyA dora wA Hux puraq vOsUmlUklAr vilmiy tAtqiqatHanisiniN janliqlar tebbiy tAtqiqat mArkizidiki mutAHAssislAr remont qilidu
0bd688afff7848aa97dee72908781935,buniN varqidinla divalogqa munasiwAtlik soval votturiGa qoyulidu
f053c8f5e53944948121215a2177d64c,vArzimAs vix vUcUn qatilliq qilip bir vadAmni vOltUrgAn jinayAtci lyaN jOfu vaptonom rayonluq yuqiri HAlq sot mAhkimisi tAripidin vOlUmgA hOkUm qilindi
4b1a40099d92483a927327f07a277397,bu cUxAndUrUx kixigA vuyGur tilidiki mora quJundap qaldi degAn vibarini vAstitidu
55f5702acfbe4fd59f6b162a7d64680e,jUmlidin vular kicik tuHrilar bolup caqiliq rayoniniN vahalisi deyildi biz mana bularGa vasasAn caqiliqniN vAyni waqittiki vahalisi cumullar vAmAs seriq vuyGurlar vikAnlikini jAzmlAxtUrimiz
5754c0c68dca46eaaeab226ee394ac24,yunanliqlar mAzkur rayonni vAN kecikkAndimu vesHel yaxiGan dAwrdila bilgAnidi
b46bc372b1d5453b816578af40b913b9,til xu qanuniyAt boyicA tArAqqiy qilidu beyiydu wA mukAmmAllixidu
11cc70a3fe624f7f8f6d664feafcd8d2,xu kActA qarisam siz vorniNizda yoq vikAnsiz nAg kAtkAndu dAp voylidim
a8590dbc1a5745c2bf757ef442f3dc04,vu yotqan kOrpA tozGaq saman tiqilGan quraq wA lAstik yastuqlarni tAyyarlap qoydi
38f6dfbcf19f455892dc0d3ba383c983,vu seni vozuq qilmaqci votluquNni yoqatmaqci sAn buni bilmAysAn bicarGu janiyaz haji bOrA bilAn veyiqniN valdimiGa cUxti
fcd467e790aa4bef980bbd00fe2c0e22,dadam yamaqci kAc kirgUcA mokidAk midirlap mUkciyip volturup dirAj bilAn yiNnisigA gAp qilidu
66de46906788474a92d156c06d2b6942,wiJ qilGan vawaz bilAn tAN qar vUstidA bir tal coG pirqiridi bu voq vidi
dd300fc5b0dc43d98104225e37f00bf6,Huda vOzUNgA vamanAt cuh sayt vatqa qamca vurup qoruq catqal varisidiki tar ciGir yol bilAn quyundAk capti
97dc8f5569c3463d8f882ae72f901113,jextoweskaya muxu pUtUklArni tAtqiq qildi
b74faee5cda4493db4a94d1eba3b646b,frank kidson vAngiliyilik qoxaq tAtqiqatcisi bolup vu bir miN toqquz yUz von bAxinci yili velan qilGan vAngiliyA HAlq qoxaqliri nAzAriyisi namliq vAsiridA HAlq qoxaqlirini tOwAndikidAk tUrlArgA bOlgAn
3398183968e44f88b9879737df22b460,nim xAytniN bu qizGa rAhim qilix mumkinmu
d0e19ecaea324593b8dbe3625348171f,bu kiyim saHta wA nacar mAhsulat vikAn suGa tAgsila vONUp ketidikAn
7ad33c9db4f04d7f9938d9c5992b2bf6,vabduqadir damollam qutluq xAwqigA voHxax kattilarni kOrAlAmtim dedi
e1163e41505942708b1dd5495eadcc40,xAhArlArdA valiy mAktAp doHturHanilar tiyatirHanilar cAtliridA zawut fabrikilar kOpiyidu
cdd0d02e7ac740149c91c7d5cc28ea1b,dunya venergiyA transportidiki vUc coN muhim qatnax veGizi hormoz boGuzi suwAyx qanili qizil deNiz bilAn vadAn qoltuqini tutaxturup turidiGan mandeb boGuzi vuniN tAwAlikidA
30d6b306d14247b6ad875d5c30c5bd06,vismavil tiliwaldi valtay xAhiriniN valaHaq carwiciliq mAhAllisidiki carwici xarulHanniN vOyigA kirip vuniN bilAn vavilA vixliri toGrisida paraNlaxti
3e4e85241edd47af90506e79286ccb44,lahordiki jamavAt Gulam vAhmAd mirzini pAqAt mujAdid yeNiliqcisi dApla qaraydu
a61e76cecc704555b633af23f9c82625,mAkitlik hUsAyin yAhya qatarliq sAkkiz nApAr muqamci vilgiri keyin bolup fransiyA yaponiyA vAngliyA qatarliq dOlAtlArgA ciqip voyun qoyup bu mAdAniyAt miraslirimizni dunya sAhnisidA namayan qilGan
f5c97513bb064d529c0b2b9a6c72e73a,vilgiri yamGur yaGsila pUtUn yAr patqaq bolup ketAtti
0cd99aa0e5b14e2aa40c213bc5947856,grenwil vixni teHmu vUzUl kesil qilix vUcUn graf bilAn birlixip padixahni hOkUmAttin ciqiriwetixkA mAjbur qildi
4cb2875062a940a18eca808e2643345d,valdinqisida razwedka qilix bilAn zArbA berix viqtidari bir gAwdA qilinGan bolup yoxuruncanliqi kUclUk hArikAtcan janliq bolup pAs vucup radardin vOzini qacuralaytti
7093ab5a90304305ad3cf77941d90c83,voq vuci rezbsi zAHimlAnsA qaytidin rezba tartsa bolidu
6ceec5cdcc4f4e8e93f22b138b48f32b,bu dOlAt tArAqqiyat veqimiGa mas qAdAmdA vAgixip maNalmay sAttin cUxUp qaldi
b8f6835c42f44a2195b93afdfbc6fa88,HotAnniN kattibaxliridin vAyyub bAg qatarliqlar HotAn lAxkirigA qoxuldi
1b351df1535a4e20a24164a308d88839,vular tahazirGicA tOmUr vuJmA degAn gApni vaNlimiGan boluxi mumkin
659457b4c348416fbd1b4acf6c3a2644,mawu qoymicilarniN vustiliGini kOrmAmdiGan dedi sawut vaka veGir voksinip vOzUmniN qoxqirini vOzUmgA setiptu vAmAsmu
4637cda52b10405497962c62aa90b257,vuniN qaGa quzGunlarnimu yawa toNguzlarnimu tilliGusi kAldi
21b4a82bd58c4697982149e5083fc23c,vularniN varisida yukos xirkitiniN sabiq lidiri valiksander xundaqla maruverf qatarliq yuqiri dArijilik HizmAtcilAr bar
5bbd7821510d4c2c9765998b05d2eac2,caxqan mayiqi sAbri qatarliq dorilar nAm wA vissiqtin vOzvara caplixip kallAklixiwalidu
7f41d8ba89b34795b5c11ce701fec4b7,vu vekranni sUrUp vikki metirdAk yiraqlatqan bolsimu lekin yAnila fluvorsent yoruqluqi caqnaydu
f4c2da980ec643849f49e6ddae7129cf,vamerika dOlAt katipi vottuzinci noyabir yerusalimGa berip visraviliyA zuNlisi volmert bilAn kOrUxti
c83cf8e312a444c585dcde69fcb643cd,baxqilar vuni tAjribHanida zAhArlik dora yasiGuci Himiyikqa voHxitidu
44ce804fd7da44c18b9cbbfb739049e1,vana sUti tArkibidiki vozuqluq maddida baldur tuGulGan balilarGa nisbAtAn gOhAr bolup yaman Harakterlik kicik vUcAy boGmaq vUcAy yalluGiniN valdini velixqa paydiliq
bcd3433374de4e4e81f0ed40ab5385c2,gUldUr gUp qilGan qattiq vawaz bilAn lefit vadAmlArniN qiya ciyasi vicidA vastinqi qAwAtkA cUxUp kAtti vicidiki vadAmlArniN hAmmisi qaza qildi
bc1bad90e85445aaa7a822248a760442,Hanfulayis hArbiy lageri sevuldiki yAtmix kilometir kelidiGan piNze degAn yArgA jaylaxqan
5bebaf75362749a6ab0620072e6f627f,Geni jUmAniN vix vizliri daGduGiliq tAxwiq qilindi
dc732517674543e2a495f86467f94bcf,toHti paxxap vOy HizmAtcisigA cilimniN sUyini yANgUxlAp tamaka selip kirixini buyridi
0d74e74a5b27443fba21dd9118e1f9f1,picAkgUl zAhArlik yilini tuyuqsiz hujum qildi
f55238cd37d54b298011bfbc95cbaeeb,xinjaN vopera vOmiki vorunGan coN tiptiki muzikiliq tiyatir muz taghqa kAlgAn mehman beyjun tAklip qoyGan daNliq réJissor ciNwey HanwiniN tAkcilikidA bir qisim jayliri qayta vOzgArtilgAndin keyin pat arida mAniyAt ministirlik tAxkilligAn mAmlikAt boyicA von nadir tiyatir vAsirini tallax paavitigA qatnaxurulidikAn
b2b8b8136f2c4d81a7e53e64b514c2c5,bux bilAn vikkinci voGli yAni werginiyA xtatiniN baxliqi jebniN siyasiy zAhnidA bax kOtUrginidin baxqa qalGan pAzzAtliri nami ciqmiGan valdiki kixilAr vidi
12b86ea95588452782c5525904666509,sotsiyallar partiyisidin bolGan jospin ceklix delosi bilAn sodiyiniN soriqini qobul qilGan
10023c6812e745d3b9e30134390c1e8a,vikki pirsAntlik metil wi’olin sulfaglitsin HuaNgAnyuw bAx pirsAntlik tirramitsin mAlhimi yaki pénsilin furatisillin mAlhimi qatarliqlarni vikki kUni bir qetim sUrgAx kerAk
9df46beb1ea54225b991f78664406c11,boldi boldi bAk tola sOzlAp kAttiN qop hazircA kamérGa kirip kAt qalGan gApni keyin deyiximiz didi tUrmA saqcisi
df89b98da5f84955b4c7d848f153bcc5,nuri mAhAllA HAlqi hONgirAp yiGlixip hAmrani vanisiniN yeniGa hAmrah qilip kOmginini teHi bilmAydu
aaa0da86429d46978c10ca26551f8d1d,vamerikiniN morgan rokfellerdAk juNgoniN jyaNjixidAk katta baylirimu HAlqniN vAmgAk tAri hesabiGa kOklAydu
a4e0cbbaa6704589acd67fbca02162fb,yeNi zellandiyA bilAn vawstraliyA vAngliyA padixahliqqa qaraydu
fb6e32785f96406ab146c55e6ce449ef,yeza muvAllimliri mAhAllA mOtiwArliri yiGip bArgAn jamavAtkA gezitni zoq xoq bilAn voqup berAtti
1c2107540fa24c798e573c97ba190805,hazirdin baxlap bu vixqa kox qilixsila qancA kOp bolsa xuncA yaHxi
c42adc6b997a468fab0d6beaf4a4ca55,HAyr buniNGimu xUkri hAr halda bir vaz vinsapiN bar vikAn
12f4276f809d4d09962a406b31511664,vAN muhim tArAp karo sUyi yuqiri dAp vOtkinimizdAk taG yiltizidin veqip ciqidiGan sap su bolux sUpiti bilAn turpan HAlqiniN batur hAqqaniyAtcil vAmgAkcan vetiqadliq sAmimiy vAstayidil vaq kONUl karo sUydAk kinixliqni HalaydiGan yawax yeNiliqbArwAr HarakterniN yetilixidA muhim rol voyniGan
90465be21e5c453ea6425e80dc3010c0,kAxmirniN mArkizi muzAffArvabadta yAttinci vOktA bir HatirilAx pavaliyiti vOtkUzUldi
7c153d16155c46329501dfe209df42bc,vablabay mAHsus diwiJUk bilAn nAccA yUz watliq lampuckilarni yorutup kOl boyini kUndUzdAk qiliwAtti
493726ff0e0c4dabbdd267689878dcda,kActA tamaq bOlitimizniN vAmAliy vAhwaliGa qarap vikki gramliq birAr zaGra yaki kakca valattuq
42a7b736e22b4a0e95b1ba29f0970719,mana bizmu hAx pAx degUcA coN bolup bir vOyni baxqa gepolturduq
444a06e3cafc4d06a3d2ee1a6a541d2c,sAhArdA qattiq tuman pUtUn xAhArni qapsiwaptu
1fe33d25043c480fb5f6761cd61b114b,bu telewiziyA tiyatirini vular nAccisi pilanliGan
17740dfc306647ef8d82622efbff2f73,bu qetimqi vapparat vislahati varqiliq qatlamlar vazaytilip Hadimlar viHcamlaxturuldi
c3b7e244dac34a1dbc395d1649b1d462,vu vOzini HaniwAyran qilGan vaxu banditlarGa cix tirniGicA vUclUk qilidu
427162994159401e98c808c7d5e3e4c1,bu HAwAr nahayiti tez tarqaldi yerim kUngA qalmay kAntikilArniN hAmmisi bilip boldi
c84c52163a47461da31e1051c7ad2ba4,sawaqdaxlar yardAm qilip qepqalGan dArslirimni toluqlixip bArdi
5ae179c8ee544820a5f75d35457ec1f9,vu tolimu yUrAklik qaqas taG qaraNGu vormanlarda yol meNixtin qorqmaydu
c742956f0b234e3e9ad7658266087892,mAn vuniN vimtihanda jiddiylixip qolliriniN titrAwatqanliqini sAzdim
7f804fd936a947deb65ba470e6d2fd36,dUxmAnniN vuxtumtut hujum qilix suyiqAsti vUzUl kesil bArbat boldi
47aa57663b624bdba8268f5768da512a,cerigAn yaGacta vOy selixqa bolmaydu
46e06b81404f4262bb5390754c3faab4,qomandanliq xtabi vAslidiki vurux pilanini vOzgArtti
5422cc7154df4d47858cdf050afbc139,seniN bu qilGiniN Huddi caNqiGanGa su bArgAndAk vix boldi kOptin kOp rAhmAt
f8a3d29e87084bf8b0cde506d9aacc2a,vorun valmaxturGandin keyin vu dArsni kONUl qoyup vaNlaydiGan boldi
fb3fefaadedd4737bf786ad63c5d872a,pUtUn mAmlikAtniN hArqaysi jaylirida kAN kOlAmlik mAhsulatni vaxurup ciqimni tejAx hArikiti qozGitildi
dd12423881f24186b6b998a075c7bacc,yUgUrgAndA variliqta kOp kUc sArp qilmasliq vazraq kUcni vaHirqi hAl qilGuc basqucqa velip qoyux lazim
3cd89a2af1d44865b1908991ef662a77,puxayman qilGanniN paydisi yoq vAmdi qandaq qilix kerAkliki toGrisida voylixayli
b532b87afddb4042882119cf5f6fda46,yazliq tAtil yiqinlixip qaldi mAn kecA kUndUz seGinGan yurtumGa yAnA ketidiGan boldum
186b569f1e7c4261bea17fb0402ff98d,dunya rehortini buzGan tAnhArikAtci hayajinini basalmay bAx yultuzluq qizil bayraqni kOtUrginicA yUgUrUx mAydanini bir vaylinip ciqti
37beef3b18bc44e2ad3c25a779ad7b27,hOjjAtlArni tez yoqat dUxmAnniN qoliGa cUxUp qalmisun
79bd848df98e4f11aee728bba5410247,muvAllim vuniN mAktAp qorxaw xaHmat komandisiGa kirixigA qoxuldi
af90059743a14ab2b580190af98a6a1e,poyiz qattiq gUrkiriginicA vucqandAk vOtUp kAtti
c47d7bf9842d4f18aabe25e76c109d6e,biz vOzimizni kollektipqa paydisiz vixni qilmasliq hAqqidA vagalandurup turuximiz lazim
6ac0224c48474baf9cfbdde0368fc711,bu yoruq taG jilGisidin kixiniN kAtkUsi kAlmAydu
b03aa9928a3c4f7a85f2410c68f275c6,vuniN hayatliq musapisini voNuxluq bolGan desA bolidu
0cf139f431a943bd9aecc2523a3ca6a3,vamma varisiGa coNqur cOkkAndila vamminiN varzusi wA tAlipini bilgili bolidu
e3de9d648bd84cb780b77a4645f69742,vu hAm voquymAn hAm pul tapimAn dAp nAtijidA hAr vikkisidin quruq qaldi
6607a25b87da4d14803c13e0a10ccf7b,velandiki HAtlAr tutuqlixip ketiptu
a087c612a14945be8f2665a24f60db91,jahangirlarniN tajawuzciliqi juNgo HAlqiniN tajawuzciliqqa qarxi GAzAp votini tutaxturdi
d2b7b41491b54013bc3e957f3964923d,vu helimu bAk carcap kAtti yAnA kitab kOrUxkA zorlawarmAyli
fdc49308fb35406094cd55b34fa0435d,kona sawaqdaxlar kOrUxkAndA nahayiti qizGin hesyatta bolidu
e6f50be715c344f79b3c70d16f82c941,sAn vilgiri yaHxi bala bolGan bolsaN hazirmu yAnila yaHxi bala
92661140a166495d810f9bce34e10ff0,bu sinipniN sinip vistili yaHxi voquGucilar hAmmA jAhAttA tAlApcanliq bilAn valGa vilgirlAydu
4b1dedc7f49d4d66a3e21a03293bff8f,qedirip tAkxUrgicilAr yAr xAklini tAkxUrmAktA
e323647d1ec642359b76973131c0a890,voqutquci bizgA bu wAqAniN hAq nahAq toGra HataliGini muzakirA qildurdi
69cb6006c0a649ac83e8042496dddcd6,muzikida valahidA qabiliyiti bar sawaqdaxlar vankitta vAskArtip qoyuNlar
a8edfed57d4a45ad81d78e32c69ef3de,vanisi kOyUnUp baldurraq qaytip kAlgin dedi
92972d99ea574779a10456b15d780487,bu vix yUz bArgAndin keyin vu qattiq vazablandi
65220d6d4c7e4bba9878f8e29c7eef94,bu yArdiki vixlarni tUgAtkAndin keyin yurtumGa tuqqan yoqliGili barimAn
7d984c8700dc46d78e1acdcbc14211b1,dunyadiki nurGunliGan qAdimiy hayatliqlar burunla tUgitilgAn
ee8a1493fc294f5d913c1d0f0decccce,tOttA zamaniwilixxini vAmAlgA vaxurux pUtUn mAmlikAt HAlqiniN vAN coN varzu tiliki
1ca6e10ac031444ea0a7eb376d2339b1,baliliq caGlirimdiki bAHtlik turmux hazirGicA yadimdin kAtmAydu
b125dd927af6479ea423502ef58bc454,cAwAndaz bu xax vatni vaHir kUndUrdi
75440eedae5d4abeb298c48b8a98e207,pUtUn mAmlikAt HAlqiniN turmux sAwiyisini halliq sAwiyigA yAtkUzUx vanca vuzaqqa barmaydu
3d4c6056a2054439a27d57b414612015,maqaliniN yaHxi yamanliqi HAtniN kOp vazliqi bilAn muvAyyAn baGlinixliqi yoq
f1e1f223b164469a90c3ef08cc7ed8b1,vOsUmlUklAr bAlgilik temperatura wA nAmlik bolGandila saGlam vOsAlAydu
4e16fe998edf40b5a81d648e59adcd19,biz barliq qArikAttA qomandanliqqa boysunuxni vAmAlgA vaxuruximiz lazim
1122fd05ff3b4ea283cad03a9e5b9c63,bu yil yazda jAnubniN kilimati vadAttin taxqiri vissiq boldi
56d53116bfc943ee9382cf8b91b2f0fb,vuniN hayat ceGidiki dostlirimu kelip tAvAziyA yiGiniGa qatnaxti
0f3727c678c042f7a0e278ea3a603cf0,vu vikkisiniN vAplixip qalGanliqi hAqiqAtAnmu qana vAlAmlik vaHirlixix boldi
d9fb7d671dd54d5d82a676e58c039f18,vu vintayin rastcil vAzAldin saHtiliq qilixni bilmAydu
6406d8f4430141b78fb4804fd94adacf,vu bu yArni nahayiti yaHxi tAtipkA saptu
8f78a3179eaa48939d13d105ce1bd7aa,mAn vAtiki yiGinGa sOz tezisi tAyyarlax bilAn hAlAk boluwatimAn
682fcb1dd39c42c5a9f3787c38a51ab4,siNlim vOstANgA berip suGa cOmUlimAn dAp cidAl qilGanidi dadam vuni tosup vOygA solap qoydi
8a216b59729d4e1b8049434f129e83ed,cUnki xekAr kOktat tArkibidiki suniN vaktipliqini tOwAltip mikro maddilarniN kOpiyixini tosaydu
c46f13e356f54be4a066b9cebd336b71,mavarip pUtkUl maddiy wA mAniwi tArAqqiyatniN vasasi hazirqi zaman vilim pAn dArwazisiniN vacquci
b1ec3c13947f4992a12e68b3495d4ef4,siz HAnzucA vinglizcA vuyGurcA qazaqcA vaNlap cUxinAlAmsiz
87e7f4ea32e5401bae33f29b9921ece4,vAmdi qaytsaq mekin vOygA kAc qalmayli yAnA
efbda352dbc548dbb2de3232b0aa7884,xinjaNda tebbiy vuniwersitet bar
bc15b153a1fa409f9b2045ca3549c5ba,vAlwAttA pArqliq bolidu dA
f2f254fa45064670b0d9f2854930fa61,vundaq bolsa mAn HatirjAm boldum biz su vUzgili barayli
5b38345ed50f4dd2a67e4cf5be2cf5e5,tinixliq kinoHanisiGa qandaq maNidu
bc5ca1e3c4434b8cb1514eb959293b84,vuniN motsiklit wA musabiqA welisipiti bar
c19d8fd5189842de9c35a206e541d76a,mAn hammaldin birni tapsam bolatti
d5bcc33d806e463fb9e785f668e35b36,vayropilanniN vucuxiGa yAnA qancilik waqit bar
591f1a450cd34c1ebde49c283d8a7828,mAn vAtA maNmaqci
bb25f7e4da9e4dfe93de1d8bf5613aa7,bu vankitni tolduruN
a582414712bc4a55b757aa63819995cd,bu telefon yaHximikAn
6600285f8f9f44329fe01e487f0b6fb5,doHturGa kOrUnUp beqiN jumuN
a88147cd6a564fa0b5df200bebb914ee,kAcUrUN mAn kompyuter valmaqci
a74627fa7fd8495f96e583b5d8d290cf,taloniNiz bilAn vaxqan puliNizni veliN
6525e48e5852455d8b190afea01ced34,qandaq kitablarGa qiziqisiz
9835fbf4d32b444fb5aa54475f007507,siz vAmdi talaxmaN
3c5e3c363262400c85f837e2ed27feed,vArlAr kONliki vayalcA pAlto vOrA yaqiliq mAxud yipliq kONlAk kaltA capan yopka bar
705f8d8ddfe64e41a94552c4367173ac,bu yArdA polat bAg mirvabdulla bAg babaq bAg seriq bAg mirzadost muhAmmAd bAg mirzap turaqmAn bAg qatarliq bAglAr bar
387f3dba5370453582070b2ef80653b6,mawu vewan kroklinkofniN vOyi boway qirGaqtiki bir vOyni kOrsAtti vuniNdin vOtsiNiz belinleG wolodkin wA znowiyeflarniN vOyi
8a7c5b53cfe74374be41edd3c3823461,bu dOlAt kUcAygAn waqitlarda territoriyisi sAddicinni pasil qilip xArqtA lyawHeGicA GArbtA pamirGicA ximalda bayqal kOligicA sozulGan
7bec642a6fe64747958b8f922ec6176d,vuyGur tebabAt Hadimlirini baxlap laNru teGiniN metir sunsAldUy bAtnix sunus cambux kuxa qatarliq jayliriGa ciqip vatmix Hildin vartuq vot cOp doridin bir yUz von vikki taGar yiGip kelip yArlik dorilarni kAN kOlAmdA vixlitixkA tOhpA qoxqan
1309a1d18fbe4cdfa3e738a7ec3b5379,veniqlixicA bir miN toqquz yUz toqseninci yilidin vikki miN jilGicA xUgojAn jyaNsu vOlkisi yAnciN xAhArlik partkomniN xujisi jyaNsu vOlkilik partkom davimiy komitetiniN vAzasi tAxkilat bOlUminiN baxliqi wAzipisini vOtigAndA wAzipisidiki qulayliqidin paydilinip jyaNsu HualyaN guruhiniN deriktori jaNjuNlyaN jyaNsu vOlkilik qatnax nazaritiniN nazaritiniN naziri jaNjuNlyaN jyaNsu vOlkilik qatnax nazaritiniN nazaritiniN naziri jaNjuNliN jyaNsu
5b1ee5b28a874791a29bd04fac3f0f3f,bu qilmixlar vArzan qolay vOy bahasini vijra qilmasliq tawar vOy bahasini vAngA valdurux tUzUmigA boysunmasliq natoGra wasitA bilAn bahani vOstUriwelix baha vUstigA baha caplax baha valdamciliqi qatarliqlardin vibarAt vikAn
27f25ed747224204876e1424f53e6026,vOpkA tuberkulyuz kesiligA giriptar bolGan kixilArniN tenidA venergiyiniN Horixi tez bolidu
c4a61395681a4b0e80780630aca0b3fe,danisiniN coN kiciklikini xtangensrkol bilAn vOlcAxkA yaki tOxUkniN divamitiri voHxax bolmiGan vAglAk wA soqichaq tOxUklUk vAglAk bilAn vOlcAxkA bolidu
337d980ceb3346f49d99a8d84e6f9b2c,tonur kawipi bAr kawap wA samsa gOxgirdiniN lAzizini qAxqAr tAqiqiy tetiGili bolidu
423ce807d210485cbf46db8ac6510a6c,vAgAr vAzan bamdat namiziniN vAzini bolsa hAyyA din keyin nAwm vikki qetim voqulidu
180fc948609340638f16225014b62c3a,pasHa bayrimida vAngliyilik vottura mAktAp voqutqucisi vanni moleyer bilAn vaylevolor denovorg billA pariJGa sayahAt qilGili bardi
76635d99e3b743ed93f56b5d753a1ccd,wyetnamniN dOlAt rAvisi ruAnmiNje von toqquzinci noyabir paytext Hanoyda yiGinGa qatnaxqan rAhbArlAr vimza qoyGan HanoyHitabnamisini jakarlidi
66a2e6fb77f34fd5a676bdc063170ce9,bulbullar vAllAy naHxisiGa jOr bolup zoq xoqi bilAn sayrixiwatidu
9bc53ac934334d4fb2f705ee08801c51,bir qancA hAptidin keyin vu tel vawewtiki bir mihmansarayda vamanliq saqliGuci bolGan
832dd1d4f7e64aecabd507697d3da87f,putinjiN vAtrapidiki bAzi kixilAr zuNtuNniN wAzipisidin vayrilixidin vAnsirAp vuni dawamliq hakimiyAt yUrgUzUxkA mAjburlax vUcUn vuniN GArbliklArniN nAziridiki vobrazini HunuklAkxUrUtUxkA vurunuwatidu
d32bfdfdc9c24359912ebc5dd04ffc96,sUydUkUN sUzUk bolsa qeniNizniN saGlamliqni bildUridu vAgAr duGlaxsa yaki yUzidA yaG maddisi lAylAp qalsa bOrAkniN vajizlap kAtkAnlikini bildUridu
e1aad15ae1c240bdb5d85cc990cc29ca,beyjiN suywey yoldiki mAktAp mudiri bizniN bu yArdA dAl voquGuciniN vimtihan nomuriGa vasasAn voqutquciGa baha berilidu dedi
dc30e6eed5b8468ab062d32078d752b8,valfred jAmviyAttin biHAwAr halda bexini vicigA tiqiwalGan ziyaliylarni vAyiplidi
d6e4a1ae99e941798c9a3875858ce712,vuniN familisi loshkaréG bolup ruschidiki qoxuq degAn sOziniN voquluxi bilAn voHxaxip ketidu
56f34161df944e438613102f13ca4f18,kUndilik turmuxta pAlAmpAydin cUxkAndA pAlAmpAyni sanisimu HAlq mAydanida Hixni sanisa yol maNGanda yol boyidiki dArAHlArni sanisimu bolidu
188a140fb2ca4330bc8ad1602ec49bc5,vizahat ta vistemalcilar tawar vOy setiwelixta yaki majira yUz bArgAndA hAlq velix qiyin boluwatqan bir qisim mAsililArgA konkret bAlgilimA ciqirildi
ed3841bc804d4a9a98789ed61196714d,rama maymun padixahi sugriwa bilAn vittipaq tUzUp maymun wA veyiqlardin tAxkillAngAn zor qoxunni baxlap nara yasiGan vuzun kOwrUk varqiliq deNizdin vOtUp lanka variliGa baridu
6d8994e99ba64570bd6a948d931b50db,yAnA tupraqni munbAtlAxtUridiGan vamu dArya vayal vilahi vardiwsura bar
0b262c50ee6348a28abec8546e02808a,sUrA vAnfalni voquGanliqini cUxidA kOrsA dUxmAnniN vUstidin Galip kelip nurGun GAnimAt mal dunyaGa hAgA bolidiGanliqiniN bixariti dAp qarilidu
7b2e465af3a5447abc28d5e9635c9302,vular hAr qitim yipixin caqniGanda warqirixip kOkkA rAhmAt veytip turGan yArlirini tAk vidu wA qiliclirini voynitidu
226d107be3f9427b9a479900421c1f52,yUrAkni yulup taxliGandAk bir mudhix miltiq vawazi meni gaNgiritipla qoydi mAn bilAlmAy qalGan bu vawaz heliqi vayalGa vetilGan miltiqniN Hiyalimdiki vAks sadasimu yaki rastinla meniN qulaq tUwUmdA vetiliwatamdu buni bilAlmAyla qaldim
26ccc683774647eb9b6fe5f64d70cbf8,bumu bizniN buda keliximizdiki mAqsitimiz
0b1039aea80c47c0a8b9f0539ed7d0df,bUgUn biz qarxi tArApkA bir kONUlsiz HAwArni veytmaqci
937825a149594ca5b6cd4926789b44b6,bu sizgA vasanmu
20ebeb89601b480a84c1602de0d72d2e,bu mAsilidA biz kelixAlmigUdAkmiz
76d4e0a4f7714ed89f54e95592f98929,muxu hAptidA kOrUxsAkmikin dAymAn
8a23feecad584e0699c051090cb15eea,toqsan yaxqa kirgAn vadAm vuzun vOmUr kOrgAn bolidu
b0818abd4b5c4a17b077d333dd467a19,bu bizniN daNliq seyimiz
fca24e00813b4bd28609a61fa552314d,xivAndA kOrUxkA tegixlik qaysi tariHiy mAdAniy yadikarliq wA qAdimiy yadikarliqlar bar
f0f28842c63d45c998b980a65bf14e4e,vAssalamu vAlAykum yaHximu siz
971f9e603d104b4baaf6258417665a88,buni vinglizcida nemA dAydu
20886491e5ad494690213d4087e32b27,qaysisi sizniN somkiNiz
2e27edc0774b47488f41a98d20cd2b71,mAn vAslidA vu yiGinniN vecilix waqtini bilidu dAp qaraptimAn
b84dabb457df4749a39970018e955531,rastmu mAnmu vu yArgA kOcUp barimAn
13a0914d1a3e4774b40e2f8657893953,mAn vixliktin ciqay dAp turGan
ecc430fd71ac41fba66ebde50d33ce36,toNlatquni yOtkAckA yardAm berAlAmsiz
a9fd366caaec47ec9528fb5b7f1ce9f2,dirizini yApiwetAmsiz
11bcf538d8444f9fa44109b16fb4586e,vudul valdiNizGa meNip vikkinci tOt kocidin solGa burulup maNsiNiz yetip barisiz
d6be14937c404edbbf3b5aef62b562bb,valdiNizGa tAHminAn yUz metir maNisiNiz voN qol tAripiNizdA siz Hatalixip qalmaysiz
3c41ff432d484199b175ef7e232fdb5e,mAn hazir boytaq
4ab4b9a0ceb9476d8100f27ac729e461,silAr vikkiNlar hecqandaq valaqilaxmidiNlarmu
4ab9146bb35d40e0890d293f1921d3e7,vu boksiyurluqtin bizar
cd7798fccab64f6b95e9bf712e75e059,vu heckimniN gepini vaNlimaydu vuniNGa nAsihAt qilGiniN waqit visrapciliqi
c0dc47e78ca345e99aabb201c8fc23af,bundaq GAlitA voHxaxliq meni rastinla cOcUtti
9f1dca791f274d25bd5ce95ed40663d1,xaHar kOydUrUxcu zAhArdAk vacciq loyla qorayni kOydUrUp kUl qilip kUlni qaynitip yilimdAk bir nArsigA vaylanduruxcu teHi
077bf067855a4be6b26f9b51924d8088,yunic qiziniN bAHti vUcUn hAmmigA tAyyar hAtta birniN vayiGiGa yiqilixqimu tAyyar
a46b564a58aa4e2a96a925e28458d0fc,vu diplomatiyidA gArcA waNxijyedAk bilimlik vAqilliq bolmisimu suNziwendin qelixmaytti
200729a43981480cb3432cc3dd776fcb,vular kAtkAndin keyin mirul mArgAnlAr GAniymAt velinGan qorallarni vatlarGa vartip mollaq bilAn heytAmni hajiniN qexiGa baxlap kAldi
696faed935d1476b9c59b6c5da654eb6,hazirdin baxlap bu vixqa kox qilixsila qancA kOp bolsa xuncA yaHxi
99dc9bf5efd7413b839f6d1ecf5f664e,vAN jAlpkar xAhArlArgA vawaz bArgAndA vawstraliyiniN sedniy xAhiri tOtinci vorunda turGan
e1e9dead0bd34773ac8d236380c41bb0,germaniyA berlin san jozif doHturHanisiniN yeNi bir Hil dawalax vusuli yAni valahidA yasalGan semont vokul ni sONAkkA kirgUzUp sONAk xalaNlixix kesilini dawalGan
9dfc2b0915e74e78aca2e5f5507e798c,rajih vabdurixid xinjaN qanunciliq gezittiki tahir rAHman bilAn yaHxi dostlardin vidi
1ccbc1b400e246fc89cfb601d567eead,quxlarniN simwulluq mAnisi vOz rANgini vONUtmigAn vasasta HAlq foliklurida xundaqla HAlqniN yoxurun vaN qatlamlirida vOz vipadisini tepip kAldi
4b24d94690924541962d28ebe358d39f,balilar buniNdin kUnboyi qayGurup yiGlaxqan vikAn kAc kirgAndA momay yiGlimaNlar balilirim böbUx qaytip ketidu degAnikAn balilar xu haman yiGlaxtin toHtap qaptu
ad411438635042659eab98000ddf173f,barliq tAsAwwup wAkillirigA voHxax yAsAwwimu bu dunyani bir kOhnA rabAtqa voHxitidu
31fa4d2dde144787a43f8ee7d869ca07,mewilik dArAHlArdiki yelim veqix bir Hil fizivologiyilik kesAl bolup vasasliqi jigdA vOrUk xaptul toGac qar vOrUk vAynula valgrat gilas qatarliq qattiq vUckilik mewilik dArAHlArniN hAmmisidA pAyda bolidu
ffe88f855fb64bdb8b9a46b0ab562502,vu leningrad qorxawda qalGan kUnlArdA vArkin bilAn HizmAt tUpAyli tonuxup qalGanidi vArkin tamamAn vixinAtti
51fbe7c981ab475dacf6dc8366e9b137,gUzAl sAnvAt dArsini vOginixtA vuzaq mAzgildin buyan vortaq tonux xAkillAnmigAckA pAnniN vorni hAddidin ziyadA vartuq tAkitlinip gUzAl sAnvAt kAspiy bilimlirigA wA viqtidarliriGa hAddidin ziyadA vAhmiyAt berilgAn
1a87dfa009ca4ff1a52f8790b4fef3cf,voninci mAhAllidin mirvawut seyit namidiki valtA kixilik nopus dAptiri yoqaldi
e569a56f3b154ceaa90e9d7a67a95849,kemiki sehirgArlArniN qexiGa berixni taxlisa valla vuni sAwr wA tAwhidniN qAlbidA yArlixixi bilAn rizqilanduridu
d92e9aa4832f45ab891a50697a90d88c,bu hAdin valbArt fon lAkok nikolay kaserin makartnAy gunnar valfArd yarriN rahib votani qatarliqlarniN vuyGurlar hAqqidiki Hatiriliri vidi
f8f2466966f2423690661b724b44fde5,vuniN tArkibidiki vamidliq vazot tupraqtiki mikro vorganizman vajritip ciqarGan vazanniN funksiyisi vastida vammoniy karbonat yaki vammoniy hidro karbonatqa vaylanGandila kOktat yiltizi sUmUrAlAydu
936e8c1b34e148c49fd55fd18a7bc61b,wAli vAhd kAloy buniN qizini kicik Hanix qilip berix vUcUn vuni vAkilixkA vAlci vAwAtmAk bolup turGinida loy buniN HAynini xuycaNGa vAwAtip bArgAnliki sawsawsawiniN vuni vOltUrUwAtkAnliki hAqqidA vucur kAlxtu
7f0a0283715c4f20829c4f4b103865f4,bir miN toqquz yUz toqsan toqquzinci yili rosiyAdA yUz bArgAn yAhudiy qAtliyamidin keyin mAydan ciqqan zorawan yAhudiy hArikiti bu mAzgildA girmaniylik heykler pAyGAmbArlArniN sOzlirigA kOrA yAhudiylarniN pAlAstinGa qaytixi namliq kitabini yazGan
c49d273df4b64733af64571331a34f56,padixah sipagAr sanGun Hetun vAwAtip vuluslarGa tuyuqsiz zArbA berip paytAHt baGda cAhiridin baxqa nAjAf qatarliq xAhArlArni vixGal qildi wA vuzun vOtmAyla GArb tArAptiki gUlhAbburni boysundurdi
c3ce533ef2434cc5bcea9ee1e0693251,tonur kawipi bArg kawap wA samsa gOxgirdiniN lAzzitini qAxqArdA hAqiqiy titiGili bolidu
c4702355c2744da3be8b98df0453d680,bu valtun dAwr von bAxinci vAsirniN votturiliriGa barGanda hazir biz vatawatqan belgiyA liyuksmerog wA gollandiyA nederland dOlitiniN katolik diniy mAzhipidiki vispanlarniN vixGaliyitigA qarxi kUrAx qilix dawamida zawalliqqa yUz tutqan
527d1c272f84443b88629d351bcfd915,sol tArAptA vikki bala nahayiti yoGan bir dumbaqni kOtUrgAn vuzun ton kiyip puzur yasanGan salapAtlik bir vadAm vussulciGa maslaxturup dumbaq celiwatqan vidi
a4b430f98c334163aa89a6873c60467b,tragédiyA negizidA vuniN yazGini xevirdin kOp halqip kAtkAn yAnA bir vimagidur
14cca7e44bea46a2b24433700ef21680,yaxanGan derbymu russeldAk kesAlcan vadAm vidi
5b178e2c4fd14c11b0e05dd356f65d97,vamerika dOlAt katipi vottuzinci noyabir yerosalimGa berip visraviliyA zuNlisi volmert bilAn kOrUxti
b20916edfb944a21a4bf2837dac781a9,yaponiyA birlikkA kAltUrUlgAndin keyin wernon cawxyAn wA juNgoGa tajawuz qilix vuruxini qozGaxqa paval tAyyarliq qildi
36b986dd860b4c9abb4e914af5a9bfdb,sAhaf burunqidAkla hArbiy forma wA maxrAN xApkA kiyiwalGan vidi
fe56b70ace754ad0b9a2c02a5919cdd4,silAr yUgUrUp ketiwatqan toxqannimu quliqidin tutuwalisilAr dAp gAp bArmidi ziwyaga
d7a595fa22ef4a33a93567dbe82b699e,germaniyiniN GArbidiki reHburg lokkumGa jaylaxqan baynd woltir layihilAx xirkiti mAHsus haywanlarniN modelini bolupmu qAdimki haywanlarniN modelini yasaydiGan xirkAt
03ccfd26bc034759b0ab70a91f2ed507,boGuzumGa vacciq nArsA qaplixip vicimdin yiGa qapsidi
d87a86cf6b0744deafd5458133055a3d,balilar veGiz boxluqi bOlUmidA davim bir yax vAtrapidiki balilarniN soska yiGindi kesAllikigA giriptar bolGanliqini kOrimiz
6332ffcf18f34fd693f84083a7ef4cd7,vuqup qoyGinki bu diktatora vorgini sAndAk kospuruxlarniN jajisini beridiGan yAr qeni gAp qilA su burni bolmisa poq yAydiGan kalwa gayit cUjini vOltUrUxkA vorniGiniN wA nemA vUcUn vOltUrmAkci bolGanliqiNni qaldurmay sOzlAr
6f3d668943be45ef83cd8af041ebb350,loqman hekim toqsan yexida yigirmA yaxliq bimariGa vaxiq bolup vOzniN yexidin yigirmA yaxni qizGa tAqdim qilGan
e9420269d0f047a9908f8e00d8fb5f70,ziyawudun vorma naHxisi veytmaqta rayhangUlniN yUriki jiG qilip qaldi
28636561286a43c6b41700d0bf06213d,vu seni vozuq qilmaqci votluquNni yoqatmaqci sAn buni bilmAysAn bicarA Hotuniyaz haji bOrA bilAn veyiqniN valdimiGa cUxti
7a29cea5e2b84eec8f1ddedf40baeec3,vilgiriki qoral tAkxUrUxlArniN hAmmisi mAGlubiyAt bilAn vaHirlaxti
421637c732a34be299b53fe47e6f1ecf,bu vawwal yAmcik taxlax vandin yoxurun zArbA berixtur
b85d8ab3fa79491e9c9f6db198c43fc5,mUxUkniN kAlginini kOrgAn caxqan hoduqup qacti
280dd222c90c436697fccba75ec3cd7b,bir miN toqquzyUz toqsan valtinci yili vOzbekistan valimi bors pulGa voyulGan sOzlArdin paydilinip qaraHaniylar Hanidanliqi Haqan jAmAtiniN qarluq qAbilisiniN bir tarmiqi vikAnliki toGrisidiki pArAzni votturiGa qoydi
cfa6f012117546908f27903035d7488a,vagniniN yeziqi braHman yeziqidin kAlgAn vAmma hArpliridA sAlpAl vOzgirix bar
cfeeaba44d8e4eb3ba4a4b491e136e35,yAr xari qiypac halda vOz voqida vaylanGac quyax vAtrapini vaylinidu
1e0d9bfd6588451bb8d39012d9097159,birawlar marixar vAnjan temidin birawlar dArd vAlmidin tUf dedi
99155e123d484142b1a350214be475b7,vamerikiniN xArqiy vasiya wA tinc vokyan vixliriGa mAsvul sabiq dOlAt vixliri yardAmcisi james kegley yeqinda mundaq dedi
be790a609e144c5795cb7aa898f0208a,bu mArkAzniN muvawin mudiri yuriy dinisu mawzulni muwapiq vasriGanda wA waqtida remont qilip turGanda leninniN jAsitini yUz yil hAddA vuzaq saqliGili bolidu bundaq bolGanda kixilAr rosiyA wA dunyaGa zor tAsir kOrsAtkAn dahiyni vuzaqqicA yad vetip turalaydu dedi
f0f7a049e1e34920ae2af98b7f90e52d,vikkinci dunya vuruxiGa qAdAr bolGan variliqta vafriqidiki lebriyA vefivopiyA misirdin baxqa vorunlarniN hAmmisi jahangirlarniN mustAmlikisi bolup qalGan
25f91b5976244599971e58dbe35ac488,vikki pirsAntlik metil wivalin sulfaglitsirin HuNgAyyu bAx pirsAntlik térramitsin mAlhimi yaki pénsilin furatisillin mAlhimi qatarliqlarni vikki kUndA bir qetim sUrkAx kerAk
ab4842100c1c40d180176578660e6e22,vamerika qoxma xtatlar vagentliqi bilAn zogbiy tAkxUrUx vapparati birliktA velan qilGan tAkxUrUx doklatida kOrsitilixicA vamerikiliqlar barGanseri juNgoni dost vAmAs vAksicA dUxmAn wA riqabAtcimiz dAp qarawetiptu
1be20b94c5634a3c9ea163a92d0acdd7,vibni nAdimmu xivAlArniN vAlfihrist namliq kitabida vular bilAn bir yArdin ciqidu
cd9e26ae5d5f46db812bdf2cac2e111f,vAdib vOz hayatida cahar diwani fArhad xerin sAddi viskAndAr lisanOtAyr luGAtAyn bAhbubul qulup wAffiyfA halAti pAhliwan muhAmmAd qatarliq vAsArlArni yazGan
a1ae47de0d074e52917f585f6730b8e3,kaliforniyA vuniwersiteti qarmiqidiki dApuz mAktipidA velip berilGan bir qatar tAkxUrUxlArdin vispatlinixicA vayallarniN tenidA yigirmA bAx pirsAnt may maddisi vArlArniN tenidA von bAx pirsAnt may maddisi bolidikAn
6f311513a9974aba8a9b805065f65e2e,fransiyiniN birinci dunya vuruxiGa qatnaxqan vAN vaHirqi vAskiri laJar peN bir yUz von yexida wapat boldi
297d7b8228bd4e3981d176ab4b0f3355,meniN sitaJim qandaq hesablinixi kerAk
03922f37e17c4f9983caf06496ffc8f7,yeqin berip qarisaq vaptomobildiki maylixip beqsip kAtkAn tOt tuNniN biri vaxqan tamaq qorumilar bilAn toxup boluptu
beba92f4edcc469ea3d4465e0dec454e,xuniN bilAn vularniN sOzliridA yalGuzluq fAna vittihad birlixix hulul sukrhoxsizlinix sAhwsAgAklik kAxf varif vAhwal maqamlar degAngA voHxax vatalGular mAydanGa kAldi
60223d3abb0c4ac5af6897f4451bdbcc,diriJor qaytidin sAhnigA ciqip vorkestirniN yUnmiclniN cirisniN teNi namliq muzikini celixiGa diriJorluq qildi cUnki dAl muxu muzikil sAwAbidin klinton qiziGa cirsiy dAp visim qoyGanidi vu hazir vata vanisiniN yenida volturatti
ec66d7e92cf74b29bf458ec518dd59e3,til rixtisi xAkil jAhAttA vottura hAjimlik nusHiGa vOzgA tilidiGan bolGanliqi vUcUn meniNmu kona mawzuni vixlAtkUm kAlmAy valahidA GAyritim kelip yeNi qizilgUlni yazGum kAldi
4b2c35a9d2ca4c69b4d9a132bc765071,qoruqniN valdiGa vOrUk vUjmA valma vamut xaptul vanar gilas yaNaq badamlardin kANli baG qilinGan baGqa yapsarlap yAr vecilGan bolup yArgA buGday qonaq qoGun tawuz camGur sAwzA kAndir zaraNza qatarliqlar terilatti
61d0adf4893542dbb90e8ba235f2aacd,mundaq bolGanda bayliq mAnbAsini givolog gidro xaravitliri mAhsulat setilidiGan baziri wA viqtidari Ham vAxya yeqilGu hArikAtlAndUrgUtkUc transport wA baxqa hArHil hAmkarilixip vixlAydiGan xArt xaravitlarniN kapalAtlik qilix dArijisi vixci HizmAtcilArniN turmux muvAssAsiliri wA muhit vasrax vAhwali qatarliqlarni veniqlaxqa toGra kelidu
cb4b5d37dd024413b19793e7433dbc90,bundaq coxqa mijAz HumsilarniN diyarimizda bax kOtUrUp ciqixidin valla saqlisun
834d309232714104b58892a69830903f,disreliniN bu vikki qarxi Huddi vikki vOtkUr tiGdAk vuniN boGuziGa tirAlgAckA vuniN Hartingda dArAH kesix wA maqalA yezixtin rayi yanGan vidi
17d0f4b8d7574dd9b645c4f0872c3db3,biraq sAburiniN vOmri bAhrul vAnsabni vaHirlaxturuxqa yar bArmigAnliktin xagirti qazi muhAmmAd sayim sofihanlar yariGa vuni dawamlaxturuxni tapxurGan hAmdA yUsUp Has hajipniN wapat bolGan yilnamisini qAbrigah vornini xu vAsArgA kirgUzUp qoyuxni wAsiyAt qilGan
ccb34d8e568d4f1eb6dbf378b6702113,Han qizlar bOjigAn topini vatidiGan caGda vasmandiki GazniN xorpsiGa nan cilap yeyix tamasida yUrgAn yigitlAr boyunlirini sozup veGizlirini vecip vaGzini cakildatqan halda xalini vaqturidu
c4b92511a1494aacba72d9ac078a8d44,vural cUcUkbuyniN vasasliq Himiyilik tArkibliri tritrpit tUridikilAr wA flawon tUridikilAr baxqa tArkiblArdin yAnA bivologiyilik vixqar poli saHarid kumarAn vamino kesilta kOp tUrlUk mikro miqdardiki velementlardur
a674ef4f0ea94b6b8da688ce03931d6f,bir mo yArgA reldin vikki pirsAntni vAllik vUlUx suda tANxAp pUrkUsA bolidu yaki bawyUAn caNlisu xuaN qatarliqlarni vixlitip hUjAyrilArni janlandurup buGday maysisiniN vOsUxini vilgiri sUrUp dora ziyinini yeniklitip mAhsulatqa kapalAtlik qilsa bolidu
e6814759850b46dfa5a12e4fa3e72ac9,vUsti vocuq muzey tirik tariH bolux sUpiti bilAn tariHimizni mAdAniyitimizni qAdimki dehqanciliq suchiliq vigilikimizni HAlqimizniN psiHik musapisini Harakterni tAtqiq qilixta yax vAwladlarGa vAnvAnA tArbiyesi velip berixta vAjdadlirimizniN vAqil parasAtlik vAmgAkcan batur Harakter vOginixtA muhim rol voynAydu
d81b837a2a714d62b6414f9712003c5b,memoral kartisi hesabidiki pul vAmAliy tutup qelinidiGan hesabat bolup memoral rascot qilix nAq pul qoyux velix wA vistemal qilix viqtidariGa vigA
da49c4642c544d32898932f20231344a,vAqilliq muzat dArhal dadisiniN kitabHanisiGa yUgUrUp kirip yaNaq yaGicida yasalGan kitab qazisidin nApis vixlAngAn bir kitabni suGurup valdi pivanino vorunduqiniN vUstigA qoyup vaHirida yAnA bir nAccini velip dAstilAp qoyup pivaninoGa tayinip vasta pivanino vorunduqiGa yamixip ciqti
6b5f5795f1bf485389fe97db49094283,xuNa kixilAr nyutonGa voHxaxlarGa tAxna bolupla qalmay xekisperGa voHxax xavirlarGimu boyilGa voHxaxlarGila vAmAs rapavelGa voHxax rAssamlarGimu kantqila vAmAs bethowenGa voHxax muzikantlarGimu darwenGila vAmAs karliliGa voHxax vAdiblArgimu tAxna
798e632f00f1443f9adfe474b7e565c2,vabdul qadir marakAx sultaniniN qexiGa berip panahlinidu xuNa tOt miN dOt yUz sAksAn birinci yili fransuzlar kenAz jovinwileniN baxciliqida marakAxkA qarxi vatlinidu
054d29c4747240d6aa5a0dde89a3c43a,velanGa vixAnmAN vAmAliyAttin kOrUN
d629dbca7f3a4fadb369113ea3abed8a,bolik komandiri qeyumbAg qizil pagon taqiGan vikki vadAm bilAn sOzlAxmAktA vidi
21f36ba959b74bc3afe552b8fd1cef98,kicik qizi vAnle mAlikA sUrgUn qilinGanda sApAr vUstidA tuGulGacqa juNzuNGa valdi bilAn boqca vucriGacqa vuniNGa boqca degAn mAnidA guver dAp visim qoyGan
23411a87107143fab4fe1ba95d392de4,caxqan mayiqi sAbri qatarliq dorilar nAm wA vissiqtin vOzvara caplixip kallAklixiwalidu
9071b9eb2682413e8d8a0d0f4242dc91,bu dora pAy tartixip qelix palAc lAqwa wA heyz kAlmAslik kesAlliklirini dawalaydu
d5ce4dfb8baa49fbb7c8e5e41fe8e742,vu vekranni sUrUp vikki metirdAk yiraqlatqan bolsimu lekin yAnila fluvorsent yoruqluqi caqnaydu
de8ef7ddb7e248ab9aacf2836cd7f959,lopluqlar coNqur yArni gUn dAp vatiGacqa beliq tutidiGan tornimu gOlmA dAydu vular dAryaniN coNqurluqiGa qarap dAryani gUnci gUnci kOnci dAryasi dAp vatiGan deyilgAn
d11ce2be08024df0932775cf38a2a817,xyAntuNniN vottuz birinci yili vudun Hani jaN yicawniN jiyAnigA yazGan bir mAktubida vOziniN Hanliq namini vuluq vudun dOliti pAGpuri dAp vatiGan
78a14d19c2fc4ae1b05e73eb2f72849f,dabaw qanunum pArmani ni tUzitixkA qatnaxqanlar vicidA taN sulalisiGa voquxqa vAwAtilgAn yijibodi tubuxiNnAnlar bolupla qalmay bAlki coN quruqluqtin yOtkilip barGanlarniN vAwladliridin duAndijo qatarliq kixilArmu bar vidi
1e20df5412a7459aba895b336912e372,vulardin baxqa yAnA vazodrin qatarliqlar vixlitilsimu bolidu
fe7e991e5ad14a59b3224f2fd7d581ff,vu bankiGa qimmiti bir yUz vatmix milyon dollarliq ziHcA valtun vamanAt qoyGan boluxi mumkin vikAn
229e325232c44451bbcd8995d33344f6,vUjmA tayiqi bilAn vatni kUcUnniN baricA birAncA qetim vurdum
436929e3c1074e7080e5db64c195eddd,vupuq siziqini boylap yAyliGan kAcki xApAq goya vuniNGa kOz qisip vArkilAwatqandAk tuyulatti
d7a891bc32384de7a8178ea676abb64a,xarni pUwlAp vasta vasta coNaytix kerAk bala buni kOrUp bAk Huxal bolup ketidu
d729eda367984729a735e77d84c5f82e,daNliq pedagog dokturliri balilarniN vAqil parasiti qol barmiqi vUstidA dAp qaraydikAn
de7654993a6c4343adb8c660545f32fc,vaHxam lozuN xANgAn yamulGa ciqqanidi
d49e89658bcc4bf78b6bde214564c3e4,vu seni vozuq qilmaqci votluquNni yoqatmaqci sAn buni bilmAysAn bicAr Hojiniyaz haji bOrA bilAn veyiqniN valdimiGa cUxti
cc132603108c4ffdac9d43f1b01a8873,vu degAn sowet vittipaqiniN konsulHanisi coN dada GiccidA vAskAr maxina vu vAskAr qoyidiGan vorun voHxaydu
9337750eb89f4465b949d619258cdc47,kOzliri bOrtUp ciqqan buruti kOtmAk tArlAp maylixipla turidiGan bu qeri kOzlirini yumup volturatti
66f844c06dad4e48bfb19f41dc7558c9,bAHtlik nikah vuzaq vOmUr kOrUxtiki halqiliq vamillarniN biri
1bb8faa5d2fd47e7a103bba26f184ef8,daniyilik valim haxlon vuyGur carwicilarniN bAdAn tUzUlUxini vOlcigAn
91f82e8612a04442818e3bfa8bafe238,yAsAwiyA sofizmi caGatay keyinki sofizm vAdAbiyatiniN vestetik videvalizmniN vikki Hil tema wA bAdiviy vAnvAnisini barliqqa kAltUrgAn
3cb65e75c1bf4d088906096baf290c42,Hojiniyaz haji jAnubiy xinjaN vamanliq saqlax garnizoniniN qomandanliqiGa tAyinlinip majuNyuN bilAn vurux qildi
5feba3bbe0d741a0bf16d27c21801aa6,bu daNliq tariHciniN vAsiridA tAswirligini vosman vimperiyisi tariHidiki mAxhur moHaj vuruxiniN GAlibisi
df09252760a8478286fb5e0c113f3d8f,diriJor qaytidin sAhnigA ciqip vorkestirniN yUnmiclniN ciriyisiniN teNi namliq muzikini celixiGa diriJorluq qildi cUnki dAl muxu muzika sAwAbidin klinton qiziGa ciriyisi dAp visim qoyGanidi vu hazir vata vanisiniN yenida volturatti
1e68e98a901c4aafb51cecf44a65a74e,velimizniN tariH kitablirida vuyGur degAn nam Hilmu Hil qollinildi valayluq HAn sulalisidin beri vuyGur degAn nam HAnzu tilida wujye wuHu yUAnHe weyHe HuyHe HuyHu weywuver degAndAk namlar bilAn vatilip kAldi
ea2f1e83982144658c43c3cc5f79a6a9,xAk xUbhisizki bu veniq hAqiqAttur vuluq pArwArdigariNni muxriklarniN vetirazliridin pak vetiqad qilGin
921e25a57e8f49f88c5a017e66a65ddc,wakalitAn setix dukanliri wakalitAn satqan boyumlar wA gOrOHanilar satqan qayturulmaydiGan buyumlarda baj tapxurGuci vaddiy hesablax vusuli boyicA valtA pirsAntlik baj velix nisbitidA qoxulma qimmAt beji tapxuridu
56ee896a73dd429381776a9f87d9f34e,mAn konefqa vikki tanka guruppiwoy varmiyisini berlinGa jAnub tArAptin hujum qilduruxni buyrumaqci boluwatimAn
b184fd3639eb4d5daf8e4ea7f67618fc,yUAn sulalisi dAwridA vuyGur hArbiy tewip yujlanci qaya sicuAnniN Hejudiki diyawyUxAn teGida buyruqqa binavAn turpan dorilirini yasap qoxundiki kesAllArni dawaliGan
9f8e6cae41314ab2affcb4fcffa80d6f,mundaq bolGanda bayliq mAnbAsini givolog gidro xaravitliri mAhsulat setilidiGan baziri wA viqtidari Ham vAxya yeqilGu hArikAtlAndUrgUc kUc transport wA baxqa hArHil hAmkarlixip vixlAydiGan xAr xaravitlarniN kapalAtlik qilix dArijisi vixci HizmAtcilArniN turmux muvAssAsililiri wA muhit vasrax vAhwali qatarliqlarni veniqlaxqa toGra kelidu
47da353e736d4e46b1fe6b2cd5be1f17,disreliniN bu vikki qarixi Huddi vikki vOtkUr tiGdAk vuniN boGuziGa tirAlgAckA vuniN Hartingda dirAH kesix wA maqalA yezixtin rayi yanGan vidi
7a22b43911954e1eb8ffe1457e39b9ba,teyiz vaGdurulsa topa yOlAx yaHxi vixlAnmisA yoGinax mAzgildA yuqiri temperatura tAsiridA sAwzA karotin maddisi qatarliqlarniN toplinixi tosqunluqqa vucrap rANgi GAyriy bolup qalidu
40aba1115ec84fd480bb72c2520c9169,qitanlar tinjitix waqtida wu zetyAn yaw yUnzuNniN talantini bayqap vuni sumruG sariyiniN yandax bAglikigA vOstUrgAn keyin derijiniN bax wAzir qilixqa bolidu degAn tAxAbbus boyicA vayal padixah vuni Hanliq muwAkkiligA tAN vAmAlgA vOstUrgAn
59d5b44db09846fc93daf71a40a87e4d,vUsti vocuq muzey terik tariH bolux sUpitini bilAn tariHimizni mAdAniyitimizni qAdimki dehqanciliq suchiliq vigilikimizni HAlqimizniN psiHik musapisini Harakterini tAtqiq qilixta yax vAwladlarGa vAnvAnA tArbiyisi velip berixta vAydatlirimizniN vAqil parasAtlik vAmgAkcan batur Harakterini vOginixtA muhim rol voynAydu
7b29ab76bae6472bb3cfdb9f4433ee78,budda butHaniliriGa vasasAn fuci xAnyUAn liyAnfiN butHanisi potiyUAn jolinyUAn budHanisi duNsAn budHanisi guNdelin vibadAtHanisi bar vikAn
7533aa03ae594db493974bf611eebdb7,niJni nowgorodqa kAlgAndA flot qirGiqida toHtap tAyyarliGan vAxyalarni qacilap dubwik dAp vatilidiGan keminiN hAmrahliqida dawamliq valGa qarap maNGan
f44639c16d9d424ab9e3eb31e7ce54ff,bu xikayAtnamA bUgUn sAhArdA tAptix vAmAldariniN vixHanisiGa sunuldi
d1339f5511bc49589e36561733ece1c1,mAhAllidA turGan tArAt qaciliri wA GaltAk tAwANlArniN vUstidA ciwinlarniN GuJuldap vucup yUrgAnlikini kOrisiz
894ae92f21b745c3a2a771023b2faf8a,vAksicA qilip veytqanda juNgoniN fivodalliq tUzUmidA vuciGa ciqqan vArlAr hOkUmranliqi pAlsApA tUzUmidiki bir qAmiyAttA bir vayalniN padixahliq vorniGa ciqip bundaq zor qiyinciliqlarni yeNip nurGun vAgir toqayliqlarni bexidin vOtkUzUxi vUcUn qancilik jasarAtniN ketidiGanliqini kOrUwelixqa bolatti
ebd766762bf14ac0b04a22c12cca3cd5,bazaGancA gUlzirA bAx yil muqAddAm qorGas nahiyA lANgAr yeza yeNi vawat kAntidiki tiliwaldi roziGa yatliq bolup kAlgAn vidi
7122c2eea6a54e80bb674771eb134931,bir miN sAkkiz yUz vAllikinci yildin bir miN sAkkiz yUz vatmix bAxinci yilGicA vilgiri vaHir bolup coGlanma lampa qatarliqlar yasaldi
4e3bce1a71ae4fe7b19e6542df8712d8,vacciqlanGanda coN meNA bAdAngA Holestérindin vOzgArgAn postlaq strol vajritixqa buyruq qilidu
58e1276539ae4efbb22e46e457b0ed57,baGqa su vacidiGan sUNgUckimu mAHsus qapqaq bekitilip vit mUxUkmu kirAlmAs qiliwetilgAnidi
8fb469ab5fac4debb82eb6139c7393f8,mAn teHi vuniN yUz cirayini toluq kOrmigAn bolsammu goya vuzun yillar kOrUxmigAn bir jan jigAr qerindiximniN valdiGa kAlgAndAk baxqilar tArlAp pixip varan vittirip ketiwatqan maxinini tormuzlap vuniN bilAn kOrUxtUm
9be26e3e463541bbad094890a2d9fdef,dabaw qanun pArmani ni tUzUxkA qatnaxqanlar vicidA taN sulalisiGa voquxqa vAwAtilgAn yijibodi tubuxiNnAnlar bolupla qalmay bAlki coN quruqluqtin yOtkilip barGanlarniN vAwladliridin duAn dajaw qatarliq kixilArmu bar vidi
bea6c96fc60d4d0c907052ee44fdf971,GArbtiki nAwrisi turulbAgkA mAdAtkar bolux vUcUn buHaraGa barGan bu caGda buHaraniN GiJ kAntidA vabduHaliq mAdrisini tAsis qilGan kixilAr vuni yUsUp hAmAdani deyixkAn
2276421ad09c488cacdf59f7cc5b60bf,vilGar kOmUr qezix teHnologiyisi kirgUzUx varqiliq cigxor kOmUrcilik xirkiti bayliqni vecix nisbitini vottuz pirsAnttin sAksAn pirsAntkA yAtkUzdi
54852fd554fd46d88e2eebd554b4d494,Geni vatniN culiwwurini GanjuGisiGa baGliwalGan cal bilAn valdirimay maNdi
5246660dd20c406d859b78e530ea7d10,vular kagtiHanigA sAyligA maNGanda maxina yerim yolda buzulup qaldi
3c7aa52e73c94fe485f28e73255c3c0f,vuniN mAlikisi qattiq rAnjidi bayiqi Humarlaxqan kOzliri birdinla hoqux kOzigA vOzgArgAndAk boldi dA HiN dApla vOydin Gayip boldi
2a9f7da6e56e470bbb3d912c2087c57e,vuniN xarapitidin ni ni vixlar bolup moskiwiski bobruk koNka velektirlar pAyda boldi
48ff261a48764360bceef92078a2ba1d,kOzliri bOrtUp ciqqan buruti kOtmAk tArlAp maylixipla turidiGan bu qeri kOzlirini yumup volturatti
447d04a0ed2b4f08930a24350702aaca,nuri cuHcilap soraxqa petinalmidi vu pogacyofni kONlidA Geni voGriGa voHxatti
cd160a71599347afb29f68eadc1a01fd,stalin vuniN vorniGa Jukuf degAn generalni qoydi wA von tOt millAtkA respublika qurup bArdi
dd5422e321454754a6cc5ecff4b11e4f,va fuxyAnjaN bu gAp munu vUc kixigA Gojam HAlpitim vApAndimgA qaritilGan didi
28084000373741c2a7eb3a3f564f760f,bu qoxunniN tArkibidiki vaq voruslarGa birinci jahan vuruxiGa qatnaxqan general papingut qomandanliq qilatti
53e1d2969fd242548135f6b4872d751c,qattiq cOcUgAn vArkinjan dAqiqA valdida mUgdAp qalGanliqini bildi
bbf731e3bfd74659aaea552b2199d248,yawis wirusi vAydiz kesiliniN vAjdadi boluxi mumkin
2f568c7061e54dceaac2df454accad66,xundaq kUnlArniN biridA yAnA vAl yatar caGda heliqi dOt vayal yAnA cerkaw dArwazisiN valdida pAyda boldi
75094d82c26f4776a943d36d3e8c3c47,yuGur tilida keGdA qawun qalmaq cAntu tOmUrci qatarliq vibarilAr bar
5696ba8ccb604ac19b9d121d68a435db,mAnsApdar vadAmniN vajizlarGa saHawAt qilGanliqini cUxidA kOrsA hoqoq davirisi keNyidiGanliriniN bixariti dAp qarilidu
283a35a834e14afbb16a703ac80faff0,pyuNyaN xAhiridA cawxyAn boyicA vAN hAxAmAtlik bolGan qiriq sAkkiz qAwAtlik yaNakdo mehman sariyiGa cUxtuq
275561c4c88b440ebfec79b31d18e782,vular vawwal valtA kixilik kicik vayropilanGa volturup paytAHt windHoktin vayrildi
ee56d981c7974f2fb6d8d24ff6a842ce,vikki miNinci yili bAxinci vayliq pAn Jurnilida jon hopkinis vuniwersitetidiki vastronomiye valimliriniN tAtqiqati velan qilindi
ea8607ebff4b48509a49513be8dc2201,vamerikiliq vaHbaratxunaslardin defre wA dennis vOlcAm tAlimati wA vamil tAlimatini taxlap vularniN pakitniN wAznigA yiGincaqlidi
f8fb8ff154e243d5a60bb188982f1ced,dunyadiki vAN coN semont vixlApciqirix xirkiti fransiyA rafaj xirkiti jux vurup rawajliniwatqan vottura xArq binakarliq sahAsidiki vorun kUcAytix vUcUn yeqinda misirdiki bir xirkAtni von vikki milyard toqquz yUz milyon dollarGa setiwalidiGanliqini cakarlidi
f8cf5b5cbb58467c9096a9f1a08d1fc6,farabi nasir vibn vAHmAt zamanidA vottura vasiyaGa bir qetim kelip siyasi wAziyAt tUpAyli bu yArdA qalalmay sultan sAypud huzuriGa sApAr qildi
fa4c72da403741a29f6a46f1feee3181,von nAccA sayahAtci sayahAt yetAkcisi vAyrisniN baxciliqida saynt Jermayn ped rayonidiki piyadA sayahitini baxlidi
be0efd8d044c447fa9fb7c2f01c5f08e,bu qetimqi topilaN gadloxiyA varHosiyA qatarliq jaylarGicA keNAygAn
f8dcaa3e1d4646b48fc8d25a5491a23e,veytilixcA baliliq caGlirida tonuxqan sbastvan wintr vimpriyisiniN vicki vixlar wAziri boluptu
90885f75ccc2436eaf6d49f014b665f6,quntAyjilAr qAdimdin tartip vadAmlArgA kigiz vOy tikix vUcUn materiyal setiwalatti
de599a18963e416e9ff562c659680a51,bu jayda xUyxigu jilGisi bAnfaNgu jilGisi xArqiy bAyyaNgu jilGisi GArbiy bAyyaNgu jilGisi gAngu jilGisi qatarliq nurGun jilGa bar
e77e1c6244f541b59276ab628ff2c6af,germaniyA varmiyisidin marxal keytel deNiz varmiy vadmerali fred burg wA hawa varmiyA general polkowniki stopmpufmu vAngliyA vofitserliriniN himayisi vastida frosenebrgdin vayropilan bilAn berlinGa kAldi
4cf95c2ddfe44dc8b9876458624ef2d8,kONlUm gUl tArgUci bolup bu gUlsAn rAyhanzaridin bihesab Hux puraq gUllArni yiGdi
b97f6f53604540c7ad8ee7f6eb7aa1f5,kUn bilAn qaplanGan qolyazminiN vuzunluqi von sAkkiz santimetir kANliki von bir santimetir qelinliqi tOt santimetir bolup bax tAripigA GArb sAnAm dastani vuniNdin keyin sultani jAmjAmA dastani vaHiriGa mewilA wAsfi namliq xevir kOcUrUlgAn
eaab592d95ab45dfbf6d0f5696376413,bizniN jaGstayniN vitilirini demAysAn kAcqurunluqi dArwaza valdiGa ciqip veNikini vikki qolniN vUstigA qoyup mUgdAp volturup ketiduki vOtkAn kAckAn qawaydisA jimi vadAm tonux vidi dAp maHitiniptu Halmirat mu nOwitidA
ff14803ffae74b15a4035d3fe3392656,yigirmA vUcinci vawGust qirGizistanniN quruqluq deNiz hawa varmiyA qisimliri kollektip HAwpsizlik sirtnamisi tAxkilati ramkisida qazaqistanda cegra vikki miN valtA namliq kAN kOlAmlik manéir vOtkUsUp vottura vasiya rayonida kUnjiri qutrawatqan vekstirmistlarGa qandaq taqabil turuxni mAxq qildi
6bb4ab72a0e14b4aaa53c4e6c2c74faf,cawxAndin weytnamGicA vafGanistandin viraqqicA pUtUn dunyada qan kecip jAN qildim maNa robiro kAlgUdAk dUxminimmu ciqmidi xuNa picaq sArkisi boluxqa vAlwAttA biz munasip
919b319044fa42e6b90268f47f12f9c9,nAxpUt GazaN taxliGandin keyin nAxpUtlUktiki quruq xaH wA barliq kerAksiz nArsilArni pakiz tazilap nAxpUt pitiniN qixlax mAnbAsini vazaytix kerAk
4b046cca68424321af6ce663c9f84fb9,xavir xelleyniN vipadilAx vusuliGa kAlsAk qAdimi gerik dramiliri wA traGdiliridiki vipadilAx vusullirini xeksiperniN traGdiliridin sAmyul bekketniN dramiliridin wA hAtdaki Harwil pintiriniN dramiliridin tepix mumkin
08ad69adf824421e82b1fe453c1c8e12,vOzliriki molla qariy tOt musulmanniN valdida cahar xArvi vOmUr birlA vAhAt qarimniN sulbiyA qizi roziHanni wakalitAn vixan damolla binni quddus mAwliyAgA vikki dunyaliq halal Hotunluqqa bArdilimu
90d57274b94a478db9d7ee641e714314,valtA miN bAx yUz sAksAn birinci yili varHologlar germaviniN dof xAhiri vAtrapiGa jaylaxqan nivan jilGisiniN wirdHif vONkUridiki bir vipadAminiN gOridin bir vadAmniN taxqa vaylanGan bax sONiki wA birqancA viskilitini tapqan
2a1399730fe54f06a96bf5df94f1f88a,yayuviy dAwridA yamato kanuchi setso vAtrapliri seto vicki deNizliri varqiliq coN quruqluq mAdAniyitini kAnkeyniN xArqidiki bu rayonlarGa kirgUzidiGan qapqaq vidi
e029d451c81e40d09f3775410928bef7,Harward vuniwersiteti bil geytiskA pAHriy doktorluq vunwani bArdi
4f6caf4e3f5c4f44b0091f49a05046de,pasHa bayrimida vAngliyilik vottura mAktAp voqutqucisi vanni moleyer bilAn vaylevolor denovorg billA pariJGa sayahAt qilGili bardi
bbb26485a5a04d03917f5e69b8604050,bu dora pAy tartixip qelix palAj lAqwa wA heyz tAlmAslik kesAlliklirini dawalaydu
e4fa5abcc3794a6bad1864bdac0ab7bc,vu dAldANxip dUgjUp yUrUp tAritigA varan tAst ciqatti
2fa0f5e5fd624da28949dfd1bddde9db,Heni jUmAniN vix vizliri daGduGiliq tAxwiq qilindi
76fc685106e04a8e84fab242e08fb422,wilsey xahzadA bolsa vernest vasanliqcA vacciqlanmaytti
42cfec0f3d5c4b26b3bad410a9cdd3eb,nurGunliGan vanilarniN Hizmiti balini vuzaq mutAt vemtixkA yar bArmAydu vaHirqi dAwrdiki vana sUti bir yaxtin keyinki baliniN vehtiyajini qamdiyalmaydu
a57c67c74022479f85d55049b93bbffa,bAzibir pixxiqlap tawlax dawamida sulfur divoksidliq vislax yaki vos kislata tuzi veritmisi bilAn bir tArAp qilinsimu janliqlarniN janlinixini tizginligili bolidu
cf576652140141a1be372ef72ca376a1,yAnA dacxuy HAndaN xiHe boliN xyawxxAn saNxyaN cinxuy qatarliq caN vAlliri bolup vularniN vOrUp vaditi qopal deNji caNliriniNkigA voHximaydu
5853d891c4a2415ab7529a2dad4a6790,lyAnniN vaxpAz wA zapHoslirini tAkxUrgAndA hAmmisi munAwwAr bolup bahalandi
3706c512501043939c16cd75424f823a,vu traHoma Hilamdyisi wA vurevani parciliGuci mikoplazma qatarliq jarasimlarniN tAsiridin pAyda bolidu
618eeb19cafe4e0b9a75a75f24fbd2d3,pixqAdAm ziyaliy rAhbAr vAsvAt vishaqof vUc wilayAt vinqilabi mAzgilidA xinjaNda HizmAt vixligAn
58b78bef2541483c94c67175ffad6f3d,cirtyoJciliq standartda kAsmA kOrUnUx pUtUk kAsmA kOrUnUx yerim kAsmA kOrUnUx wA qismAn kAsmA kOrUnUx dAp vUc tUrgA bOlUnidu
565892159b04499999da28d8615853d9,mavontbattin bilAn nihru bir kOrUxUpla kona tonuxlardAk bolup kAtkAn vidi
f358ed7ecacd4a568da4652f68801924,tutqaqliq kesili veplepsiyA dApmu vatilidu vu meNA funksiyisiniN tuyuqsiz qisqa muddAt vicidA qalaymiqan boluxi tUpAylidin qozGilidiGan kesAllik bolup vintayin murAkkAp bolGan birHil vuniwersal kesAl
72b0946986844e9bbef012bf6acb0cde,yaponiyA vaptonomiyA tebbiy pAn valiy mAktipidiki tegyofo doktorniN doklatida kOrsitilixicA rifampin tUridiki dorilarni hamilidarliq mAzgilidA vixlitixkA bolmaydikAn
02bb28764f604ed4bbd4d39b4e6ea9b7,wallon rayonidiki valiy mAktAplAr leJ vuniwersiteti yeNi lewen vuniwersiteti flander rayonidikilAr lewen vuniwersiteti Hent vuniwersiteti qatarliqlardur
ee1bb6a29d594f3991f1528b3f0538d6,ziyawudun vorma naHxisi vetmaqta rAyhangUlniN yUriki jiG qilip qaldi
c331c176fad947f1a0fc50afc3c7c950,wAvAlAykum hA nuri copcoNla yigit bolup qapsAnGu
0e1f47c96ed943268a0265cb2752fa17,jaN siliN vu yArdiki baylar dindarlarGa biz silArgA vixinimiz dAp vular bilAn vapaq capaq bolup yUrgiyidAk HiH lyu biNdeniN doklati buniN vAksicA
f8f9f613fc2e4b75b17d9b31152c9e92,tutiya bolup kAtti pexiNlarni kOzUmgA sUrtAy viziNlarGa bax qoyup sAjdA qilay
dafa5b10b69d48fcb6442e8f7e4ff34f,tamamAn dAskAtkAn hali qalmiGan bir vOlkini bizgA tapxurup bArdi
c61eea4a305446a59180ec102fdc059e,yigitlAr cAmbArcas baGlanGan rozi mollini dOxkAlAp vuniN valdiGa velip kelixti
4d0985bf0dd34f17b950f5fbf1ebb732,bu cAt vAlliklArniN ketixi tAlAp qilinGan mOhlAt boluxi mumkin
efaa2bef9a9642989a382229b85861cd,burunqi jAbir japalarni vAsliginidA vacamniN kONli qattiq buzulidu
309abec92fd94d7d870ba748c6bee3fd,HAwArlixix kabéllirini voGurlax zor viqtisadiy ziyan velip kAldi
8dd7a8f08a7e487ebee1b3c34c9d8c25,vu gUrUctiki vuxxaq taxlarni kONUl qoyup terip ciqti
247d74240ba5460a8f8d38838febf084,vuniN bilAk muskulliri Huddi sportcilarniN buljuN gOxliridAk kOpjUp turatti
9069cd5fc4b747dba1b47910a6ddc7dc,xundaq kUnlArniN biridA yAnA vAl yatar caGda heliqi dOk vayal yAnA cerkaw dArwazisi valdida pAyda boldi
d26c67e69d984ea894923bcca828941b,vottura yaxliq kixi yerim vuyGur yerim vOzbek tAlAppuzida sOzlAp vOzini qAxqArdiki sowet konsulHanisiniN mAsvul katipi miradil qasimow hAmrahini bolsa yol baxliGuci kixi dAp tonuxturdi
bd7e3ea1bc3543ef8049c980ce3d9b35,jUmlidin vular kicik tuHrilar bolup caqiliq rayoniniN vahalisi deyildi biz mana bularGa vasasAn caqiliqniN vAyni waqittiki vahalisi cumullar vAmAs seriq vuyGurlar vikAnlikini jAzmlAxtUrimiz
dff60d04daa24bc5a1165ce1567b0346,vular hAr qetim yipxen caqniGanda warqirixip kOkkA rAhmAt veytip turGan yArlirini tArk vetidu wA qiliclirini voynitidu
e68ccdc5c14f401d9c2a113e5a988ec6,xu kUni bir miN toqquz yUz yAtmix yAttinci yili Harwardni pUttUrgAn mikro sofitniN bax deriktori sitf bolmermu geytisniN nutiqini vaNlidi
6446dd7a0ee54143b33ce103b4406aa7,bux bilAn vikkinci voGli yAni werginiyA xtatiniN baxliqi jebniN siyasiy sAhnidA bax kOtUrginidin baxqa qalGan pAnzAtliri nami ciqmiGan vadAttiki kixilAr vidi
db85d8d9b7644155bbfa190a01e9bbdd,nAjibulla gorbacewniN yardimidA bir mAzgil vafGanistan zuNtuNi bolGan
0a0138a81deb4be998812a28afa5f24d,xotlandiyiniN padixahi valiksandir yardin cUxUp ketip qaza qilGandin keyin shotlandiyiniN Han tAHtigA warisliq qilix norwegiyA qan sestimisidiki mAlikA magritniN qoliGa qalGan bu qizniN vapisi xotlandiyA padixahi valiksandir vikkiniN qizi bolsimu dadisi norwegiyAniN padixahi vAlik vidi
ce5026d7621d432aa6f155c3449dc92c,bu xAhArdA dAmAxq kolombo vaNkor baGda baNguk xAhiri fesHartum xtabi waxingen nyu york san fransisko qatarliq xAhArdin kAlgAnlAr bar
f7d49abec51a4977b0d296a589b05cc7,mak donna Higlanliq dehqanniN voGli
97e90f05ac0f46d7864ab2bb43841c6d,tAkxUrUx doklatida kOrsitilixicA voquGucilar hAr kUni mAktAptA jiddiy bir kUnni vOtkUzgAndin baxqa kOp waqit sArp qilip mAktAp tapxuruqi wA vavilA baxliqi vorunlaxturGan dArstin sirtqi tAhrar tapxuruqini vixlAydikAn tAhrar kursi wA kurJiklarGa qatnixidikAn
3ea0563e77d940a4bc33e047d4e9cd1b,gUzAl sAnvAt pArsiyini vOginixtA vuzaq mAzgildin buyan vortaq tonux xAkillAnmigAckA pAnniN vorni hAdidin ziyadA vartuq tAkitlinip gUzAl sAnvAt kAspiy bilimlirigA wA viqtidarliriGa hAdidin ziyadA vAhmiyAt berilgAn
defc457815a640cbac5a279aeea554e0,su sOmUrUxtin vawwal diwari pUrlAxkAn halAttA xAkli qavidisiz su sOmUrgAndA kOpUxUp velipissimandin vOlcAmlik cAmbAr xAkiligA kelidu kAsmA yUz kUnlixi boyicA vuziraydu
48938e1853a14ba1bfa2912a8bf4af3d,biraq sAburiniN vOmri bAhrul vAnsabni vaHirlaxturuxqa yar bArmigAnliktin xagirti qazi muhAmmAd sayim sofivallar yariGa vuni dawamlaxturuxni tapxurGan hAmdA yUsUp Has hajipniN wapat bolGan yilnamisini qAbrigA vornini xu vAsArgA kirgUzUp qoyuxni wAsiyAt qilGan
2f1caec2d42743d4a605a0b0c83c08fb,sAkkizinci vayda vanaGay mofoCofen qatarliqlar vordiGa vulpan tapshurux qudilixixni yAnA tAlAp qildi
fd0e4f01ae0a424d8e77a9a63b89d7ff,taxqirida soGuqniN xuncA qattiqliqiGa dArwaza valdidiki vikki tUp xAmxadniN qar muz bilAn qaplinip kAtkinigA qarimay zal gOrkirAp kOyUwatqan hollandcA mAxniN vissiqidin wA partiyA tAxkilati caqirGan matAm yiGiniGa qatnixiwatqan valtA kixiniN tiniqidin vissip kAtkAnidi
ee34f0e1f56d458aa325b0a85e8d10b6,piraffisor vinJener wA siyasiyon nAjmidin vArbAkanniN hOkUmitini bir miN toqquz yUz toqsan toqquzinci yili hArbiy vinqilab yiqitiwAtti
c74258bdd83f42debc9df93d943a68cc,vAlwida qural digAn romanni bir yazGuci tArjimA qilip valqixqa verixkAn dAp tArjimhalGa bAk jiq yezip kAtti lekin qaysi nAxiriyat qacan nAdA velan qilip kimniN valqixiGa verixti buni bilAlmAyla qaldim
3bfc68be81334754af5fa88dec90041b,nAsridin vApAndi xAhAr hakimi sAvid vibrahim sultan hAdiyA qilGan vOydA volturatti
29322292d200412cad31c2bab8d17061,yuqiriqi munizcni kUndA bir waq vikki taldin vistemal qilsa kesAllik pAyda qilGuci Helit bAdAndin tazilinip ciqidu
6a108fc3b1104e62ae3d5d140e86e7da,sekirtar sAlAyjanniN gepini bOlUp vorundin turdi dA valdinqi qetimlarGa voHxax yUzigA may cepip gAjgisini mujup qoyuxni kUtmAstin boynidiki lONgA bilAn Halatni yexip taxlap talaGa qarap maNdi
60fc28619b5c4957a54632a05459ba6c,bAzi balilarda kOpincA vinduksiyA tApAkkuri voHxax bolGan pikir tApAkkuri bolidu
72046bc6265146af87d3992e91ee3ca4,bu valtun dAwr von bAxinci vAsirniN votturiliriGa baGanda hazir biz vatawatqan belgiyA lyuksemburg wA gollandiyA nederland dOlitiniN katolik diniy mAzhipidiki vispanlarniN vixGaliyitigA qarxi kUrAx qilix dawamida zawalliqqa yUz tutqan
a1e15e43a5bf46268162debb5edf4e3d,vuruxtin vilgiri lodzda mantyor bolup vixligAn yax vAtrAt baxliqi telegrafci wAtAngA vasiyliq qildi wA vAskAr varisida kommunistik tAxwiqat yUrgUzdi dAp vAyiblAp vetixqa hOkUm qilixti
2a1fa4285aec44ff8b75040cd3161299,yuqirida sOzlAngAn riwayAt vApsaniwi mAzmunlar HotAngA sambhawa zamanida kAxmirlik varHat tAripidin buddizm tarqalGanliqidin derAk beridu
ef04669a9d1b4ab087a6c941a62068ec,quxqaclar bu jAzirigA nemini kOzlAp toplaxqan bolGiydi
1d51a9b49d674d78b1642759a973c5cb,xu vAsnada bir tal xoyniGa putlixip ketip yeqilip cUxkili tas qaldi hAmdA bu xoyniniN bir bexi hoxsiz yatqan heyt hajiniN kaltix dininiN beGi bilAn tutax vikAnlikini sezip qaldi
24aa926e3075423a85128e4f2872d1cb,vAdAbiyat taki hazirqicA materiyalizmliq videvalizmliq revalizmliq motif wA halqimizmdin vibarAt nurGun vizmlarni tUrlUk xAklidA vOzidA vipadA qilip kAldi cUnki vinsanniN vOzini wA dunyani bilix vusuli HilmiHul bolup bularni yuqiriqi veqimlarda voHxax bolmiGan yipniNi tArzidA vAks vAtkAn teyixkA bolidu
92693853487f4730b1171fa777883047,pUtkUl kAnt tarGina yol boyliriGa selinGan wijik vawaq terAk kOcAtliri paHmiwax bolup kAtkAn pakar xaptul wA yaNaq kOcAtlirigicA tAxnaliqta qaGjirap cak cak yerilip halssizlinip ketiwatqandAk kOrUnAtti
780dc1ca4f9e497c982fb751a5226c19,qirosiman paHtilixix kesiligA yAtmix bAx pirsAntlik kekaNliN nAmlinixcan paraxokiniN tOt yUz vAllik hAssilik veritmisi yaki sAksAn pirsAntlik mankuzup nAmlinixcan paraxokiniN valtA yUz hAssilik paraxokini pUrkUsA bolidu
799c27aff77e4c8abeca7f30e0bb850e,wrangel basmicilirini tezdin tazilax vUcUn partiyA mArkiziy komiteti GArbiy jAnub frontiniN qirim jAN mAydani mustAqil jAnubiy fronit dAp vayridi wA qararni vorunlaxtuxqa stalinni mAsvul qildi
abc9628b90fc4ce98184d472a445463e,mAwlanA hafiziddin bolsa mujtAhidlArniN vAN vaHirqi vAwladi vikAn
8f02c9c8a90544e6b422aa144fa591da,dub dAriHi wA kAstanA hidliri dimaGlarGa gUpUldAp vurulmaqta vidi
a2acf1ffa391469391309cc2bcbc4b16,vuniN vucisida lAnbOk pAxmAt belidA saqal tarGiqi bilAn miswak vesilGan yaGliq pota bar vidi
4f419557a58449bc8bdd27c8765af730,guludadin tarqitiwatqan pop rodiregis mundaq dedi
e8263e79173841a496949e99faaa41eb,hekmAt burutniN yardimidA vammiwi telefon botkisidin birni setiwaldim
4bfb835102184d3ba974b6cc35f2f4a5,james hazir Hociy bankisi HAlqvara mAslihAt komitetiniN rAvisi boldi
21a9db415b9c4adab1b654a473f96a30,mAhAlliniN vAN coN beyi tAwkAbburluq bilAn qisqa qara saqilini vucumlap qoydi
8567ff3817874b8aaa8858d1ba0e9476,vOzUN jUndimisAN tUgiduq wuy muHtAr bay qapqara saqalliri varisidin sAdAptAk cixlirini kOrsitip vazab bilAn hijiyip xikayAt qilip ziyawudunniN vetini vOz qoli bilAn valdi
9e3a6fd7899e44119e97a0279526a8ce,jenim balam dunyaniN Howluqini kOrmigAn voGlum putliri coqaydin vucisi matadin qutulmiGan bicarA balam kOzUmniN nuri yUrikimniN bir qaniti
77662ad2cba7495685280661710bb7c6,yerim savAttin keyin sabiq sowet vittipaqi doHturHanisida nurvAli kariwatta voNda yatatti vuniN yenida vAN daNliq doHtur jakbujaN sestiralar bilAn paypetAk bolmaqta vidi
a98caceb08c44e0ead7f1cf15b4375ad,vu davim ceniqip turGacqa muskulliri vintayin tArAqqiy qilGan
ac2bf87386284816ae109bb4dac5d433,bAzi vuniwersal til luGAtliridA tAlAppuz bilAn vorfografiyA votturisidiki pArqniN dArijisigA vasasAn bAzi sOzlAr yaki hAmmA sOzlArniN tAlAppuziGa transkripsiyA berilidu
cb9a666ffc4147388cc54c4f37ab7bdc,cOcUrini cOcpArA dAp vataydu
4d434060aedc4590a8b9cbe3b8eceda3,kamil vistedatliq rastcil pasahAtlik vimam vAbul putuh vabdul Gappar vOziniN tariH kaxiGAr degAn vAsiridA sutuq buGraHan bilAn vAmir rAxid valahidA tilGa velip tUrk vAlliridA vAN dAslAp vislam diniGa kirgini xax veli vidi degAn
494f261cec1b41c59cbda8e7ae11a87d,vizcil coN sOzlAydiGan rosiyA vArkin demokratlar partiyisiniN rAvisi dOlAt dumasiniN muvawin rAvisi Jirnowiskiy mundaq dedi
e6f49e8ef00348a5aae296e78da18123,pakistan varmiyisi bUgUn hatAf vUc bAlgilik qisqa musapilik zAmbirAk voqisiman vucidiGan baxqurulidiGan bombini muwAppAqiyAtlik sinaq qildi
948b6771425b490491f1bdeac4d841f4,hazir juNgo wA cAt vAldA tujya milliti tunis wA tUrkmAn degAngA voHxax tu boGumluq millAt wA yAr jay visimliri bar
fd98bc25175041e6815276bbdda816c3,vawu malik digini bizniN nahiyniN voquGucA qobul qilix vixHanisdiki malik juyjaN digAn xu
83dbdb1ed7444f0c92e6b6bc560265b7,vurugway xArqiy qirGaq jumhuriyitiniN zuNtuNi tabara wazcuz vUcinci fewral tAbrik telegrammA sAwAtti
503d7ac7c9bd4ae7a7eee324675dab6e,vular magabizos sodanis qatarliq dahiylar vidi
d4d83221f16848b5a0873fcb51ee2b4d,vilgiri yamGur yaGsila pUtUn yAr patqaq bolup ketAtti
87b5a7d095f349b78bb1fc8bd8963db2,vuniN natsistlar vixGaliyitidiki rowno rayonidiki qAhrimanliq vix vizliri nahayiti kOp bolup nemiscini nahayiti rawan sOzligAnliktin vustiliq bilAn germaniyA varmiyisiniN genirali boluwalGanidi
418c04051cc6412fb3c2f47eb7624b1f,bu yArdA polat bAg mirvabdulla bAg babaq bAg seriq bAg mirzadost muhAmmAt bAg mirzavabduraHman bAg qatarliq bAglAr bar
7d1f3de7fd92495d86c085a6fcc3549e,qarisam vuniN HiyniN bir peyi bir coqatmaqqa velinip qaptu baxqilar vapla bOrigA yoluqup qalGan bolmiqidi dAp qorquxti mAn yAnA bir vaz vizdAp maNdim
7628d8bd59ec4297acdc83c69a1a7b49,kUnlArniN biridA vu bikarciliqta vuniwersitetiniN yenidiki vOzUmlUkkA berip vu yArdA bir tAntAk yigitniN garaJ vicidA bir vUzUm vaqlax vAswabi yasimaq vUcUn hApilixiwatqanliqini bayqap qaptu
5c56e513ef8e4e018a24509eef4e5f50,vapvaq Goja vOz waqtida vaxu vilimdarlarni vOltUriwAtmigAn bolsa bAlkim bizniN varimizdin niyoton venixtinlar ciqip vatom bombisi yasap partlitip dunyani wAyran qilGan boluxi mumkin vidi
9b5e720e0af44be392d67f81a30b74a3,bu vasasliqi metil benzol demitil benzol formaldegid qatarliq qozGatquc Harakterlik vorganik maddilar wA vammiyak karbon tOt voksidi qatarliq vanvorganik birikmilArni vOz vicigA validikAn
be86ae4e158f47df9175753c8c20771f,vu mAlikA roxAn varqiliqla vOziniN vordidiki wAkili vizHaqbAkniN mal mUlki daranniN tAkxUrUp pecAtlixigA vucriGanliqidin hAmdA vAgAr vu dikkandin vAskAr baxlap ciqsa jodpur bur xahi jaswantniN qoxun tartip zApke hujum qilmaqci bolGanliqidin HAwAr tapqan
e08a95c7e04d4fcda1ba74fd5f496b41,tOmUr mis mangan molibden gUNgUrt qatarliqlar dArAHtinidiki ferimetlarniN hArikAt viqtidarini yaHxilap Hlorofil wA vaqsilniN bir kixini vilgiri sUrUx rolini voynaydu
e4a25d18393c4f50b06023acd72278fc,qulaq seliNlar janaplar mAwjut hOkUmAtni Gulitix GArizidA maNa suyiqAst qilmaqci bolGan vUc vasiy juN tawminyO lixyawtyAnlArgA vOlUm jazasi berildi didi xeN xisAy qollirini varqisiGa qilip
7b971fa857f94aae82cedd7856f2cace,hA rast gezit botkisi vacamsAn yA
f019db03e5774f18b97703ecc0eacd84,bir cAttA Guljini vazad qilix jeNidA kUc ciqarGan vizbaqbek zunun nasirof yUsUpof palinof maJarof xonoyof martoflar yAnA bir cAttA manasubayof vAbixof qeyumbAg qarapiyoflarbar
11835b70c57a4fba86e62e64955b9bb7,sAnwuyizuN von tUmAndin vartuq kUclUk qoxun bilAnmu kidanlardin mAGlup bolup vularGa toHtawsiz vilgirilAx pursitigA yaritip bArgAn turuqluq mAsvuliyAtni bigunah puqralarGa vittirip qoyuxni voylawatamsAn
20bca1980f434fe48b0a54ebaca7b3a1,von sAkkizinci vAsirniN votturilirida padixah cyAnluN vOzi tizginlAp turuwatqan zeminlarniN HAritisini sizdurux vUcUn portigaliyilik vespinHa bilAn varoxni tAktip qilGan
21e4422a5f6948dfbb347d80cd54a971,memoral kartisi hesabidiki pul vAmAliy tutup qelinidiGan hesabat bolup memoral rascot qilix nAq pul qoyux velix wA vistemal qilix viqtidariGa vigA
d7763cac903244f9b0b65338167b2b85,gOdAk vabliz harwiGa ciqti vu vablizniN bexini capini bilAn yUgAp vOygA velip berip samanliqqa vAkirip baGlap qoydi wA bu vixlarni vavilisidikilArgA sAzdUrmAslik vUcUn vayalini vata vanisiniN vOyigA kAtkUziwAtti
6124b7b1bcc84d82ade31f0886e0d767,rohi namratliq bolsa rohi dunyasi Huniklixix turmuxtin sowux qatarliq HahixlarGa qarita veytilGan bir Hil voHxitux hesablinidu
06303af1a6c04a1d9817f480bb1512ca,taymes geziti dA seperborg holluwudtiki baxqa bAzi daNdar kixilArniN besimiGa vucridi deyildi
75e74c7493e7472c938fe368a52db901,vu vixniN veGirliqiGa herip carcixiGa qarimay waqit ciqirip tUrlUk kitablarni bolupmu spartak qatarliq vilGar vAsArlArni sOyUp voqudi
515dee331b7c4de39ad2cd8c3a4f2d78,rAsmiy qapaqtAk bolup qapsAn kallaNda voxuqtAkmu meNAN qalmaptu
45adea7f521c4418896defbfe5a944ed,GArbtiki nAwrisi turulbAgkA mAdkiri bolux vUcUn buHaraGa barGan bu caGda buHarniN GiJ kAntidA vabduHaliq mAdrisini tAsis qilGan kixilAr vuni yUsUp hAmAdani deyixkAn
2fdbc7aea0a540f187d77897ec70f2c7,sUydUkiNiz sUzUk bolsa qeniNizniN saGlamliqni bildUridu vAgAr tuGlaxsa yaki yUzidA yaG maddisi lAylAp qalsa bOrAkniN vajizlap kAtkAnlikini bildUridu
7370cc63486741e4bb87f733b1bc4203,rozwelt zuNtuN yawropa mAsililiridA mAqsAtlik halda cercil bilAn stalinniN jiddiy talixixlirida stalinGa yan basatti tehran qirim yiGinliridimu xundaq bolGan
fbd16e3469874f0890f795d75746c23f,muzat wiliNgi portiGa kOcUp fof vordisidin yiraqlaxti
babb275abf6140f4a78ab12930c0cb44,vuniN familisi loshkaréH bolup rosiyidiki qoxuq degAn sOziniN voquluxi bilAn voHxaxip ketidu
62cf478ca0de4b728c664d3b955942e1,vAyyuhAnnas va vadimiy haywanGa qaraNlar dAp warqiridi vimam
6ea29b4bbd01426388dc3df9e8bae74c,kulujiHaf feysiy vot qoyux wAqAsi yUz bergAndA juNgoluqlar dukanlirida vadAm yoq vidi dedi
3f23aae4a9f94326beedc35f69a7a32b,mundaq caGlarda toHta vaka vuniN qan qeniGa siNip kAtkAn saHtiliqidin sAskinip bu voyunGa vundaq pAmlArniN zadila kerAk vAmAslikini bu voynida kim kiyim kOprAk votturup kOprAk yAr beGirlisa vAmAliyAttA xuniN vUcUn bir tAnhAkAt bolup salamAtlikigA paydiliq vikAnlikini qayta qayta cUxAndUrUp ketAtti
ea8f7e80817248b093effe29f9a721f1,musabiqA vaHirlaxti komanda vAzaliriniN cehridA GAlibA kUlkisi vAks vAtti
9a4bd02827944873985a620d909b02df,sUrAttA mAdAniy vorunlarniN wAkilliri vazaq yezisiGa kONUl vizahar qilmaqta
9e29e574a2a54bff92de1bb83332c453,dunyadiki vAN qorqunucluq sOz dAl namratliq muqArrArlik degAngA vixinixtur
f5ba4ac7d51d4fd692504266b764395d,pAlAstindA namratliq teHimu veGirlixip viqtisadiy ziyan valtA milyard dollarGa yAtti
0f25d0d57e4041aeb99415116f9071b2,parawanliq latariyA bAlitiniN birinci dArijilik mukapati vuda vUc qetim ciqmidi
cdab487a57da4585abf6929d7ea0fc80,vu vaHiri Hoy doHturGa kOrUnUp bu kesAllik vasaritidin tAltUkUs qutuldi
9b62db1ab7214ef9a7275d5b07acdbbd,vAslidiki pilanimizda tunji tUrkUmdA qobul qilix Hizmitini vaHirlaxturmaqci viduq
460239608fcb49619e41cb34ba212b4f,bu vAydatlirimizdin bizgicA vUzUlmAy dawamlixip keliwatqan vAnvAniwi vadAt
9b4269307397423aa09a10c6fd348bd3,qAdimki qAbridA nurGunliGan qimmAtlik vasarvAtiqilAr kOmUlUp yetiptu
5ef0cf37d21a425da5c0492a2469ba95,vAgAr vadAm vOz namratliqiGa xUkUr qilsa vu mANgU bay bolalmaydu
eafc628fec7d411aa72aca19787e41eb,moma vastiraq meNiN yiqilip cUxUxtin pAHAs buluN
4a4f52f5a9704474b9a4df1d75326416,stewinson vApAndi meniNcA titanik wAqAsi hAqiqAtAn tasadipiy bolGan degAn
31f2bc02bc60443f881f7b729c09f6ec,vu tAntArbiyA voqutqucisiniN tAsiri bilAn wasketbol voynaxni yaHxi kOrUp qaldi
f357c552a9dd48e28190ca7453c016ca,baxqa vaHbarat wasitiliri radivo verixkAn bu vijtimaviy vUnUmgA hArgizmu yetAlmAydu
fec120af101d465ababc76c307f4163c,GArbiy rayonlarni vecixtiki maslixix tAdbirliri vUstidA teHimu vilgiriligAn halda vizdiniximiz kerAk
faef0ce3dca6400ead94dce22f6dcec8,yaki HizmAt pul hAlAkcilikidA meniNdAk bir sinip jodakisini vuntup qaldiNlarmu
b86b74c9fb64450e8f2727c052b15f40,vu vax yaliNacliqta qalGan bolup vAhwali vintayin vecinixliq vidi
a2184eb2bc28402d979a1ab2600b0c7a,kUz kUnliri vaqarGan qomux pOpUkliri mAyin xamalda yAlpUnUp turatti
49aa7a93bbac40e3a07493c9a5701217,bAxburjAk bina tilGa veliwatqan valahidA qisim vAzimAtliri ramusfeld dAwridiki vAN coN yANgUci bolup qaldi
de03486f7e2d4137bb0a754c54ad1711,vular mAyli qAyyArdA vOlsun hAtta kUnlUk yol bolGan tAqdirdimu yAnila valtayGa dApni qilinatti
9acda0130c16422193601058a705d5ea,hindiquc teGiniN vegiz qisimliri davim qar muz bilAn qaplinip turidu
5d6bcadf5bda4f649c5b38e9c8c5aa95,hazir pAqAt yUzAkila pArAz qilalaymiz
d8e013d3efba4a3bb90e437a1624400f,meni xundaq haqarAtligAn vaGziNni yirtip sesiq tiliNni kesiwAtmAydiGan bolsam quddus bolmay ketAy
80fd88c88a474d1a9e2a1af9bceba40d,vamerika vAskArliri kUndA degUdAk mArgAnlArniN hujum nixani bolup pajivAlik vaqiwAtkA vucrawatidu
d5ae97ae663947d6aa55441de376ee27,halbuki bu hArbiylArniN vOzini velip veytsaq vular vuruxta mAGlup bolGan qoxunGa tAwA vidi
26c7a3a0c0594493b1239fa9410c854a,vidilogiyA sahesi wA mavarip sepidiki vOginixni qaratmiliqi bolGan halda kUcAytix kerAk
8ba0aa46e4354fecbe2b13acf4206e25,juNgo cawxyAnniN yeNi xArtnamA layihisigA bolGan mudasini bilixkA tirixip kAldi
40247afcc38e48ba823219618f29c29a,hAr millAt kadir vamma japaGa vintayin cidaydu tOhpA qoyux rohi kUclUk
104551e41925482b8d635c01b0c99984,viraqtiki vamerika varmiyisiniN bir vAmAldari von tOtinci viyul baGdadqa kAldi
44d0571d2c39430e964fa619468ac395,hAr qetim qurban heytta xirkAt yAnA vaz sanliq millAtlArgA qoxumcA yardAm puli bArdi
de720912636746f6b6855754c71a585f,juNgo cawxyAnniN yeNi xArtnamA layihisigA bolGan muddivasini bilixkA tirixip kAldi
bafd8dc320144163ac4eaef4495efbd3,keyin bu paraHot deNizda halakAtkA vucrap zor kOpcilik yoluci tunjuqup vOlidu
3486afe93ca14e66b3e18f3bba9fafc3,bu halAtni vOzgArtix vUcUn tariH voqutquciliri tOwAndiki bir qancA tArAptin vizdiniwatidu
31590644cbee46539d4d8032f6588e93,vu vOzini muHbir dAwalGan bolsimu vuniN bu vayropilanGa volturux salahiyiti yoq vidi
2b07e0e7910847db81681ead4c083dd1,viraqtiki vamerika varmiyisiniN bir vAmAldari von tOtinci viyun baGdadqa kAldi
ebc35a0c77504321bb8f0580e8b7c678,yAnA bir qiyatax rAsimidA vadAmniN bAx qeyiqqa volturup kOldin vOtUwatqanliqi sizilGan
8aa8e60440cf480da6c26ca9267f1983,bala ya bir coN Hataliq vOtkUzmisA vuni nemA vUcUn bundaq rAhimsizlArcA qiynamsAn
9e76f4a2a9274d5ab61e30bde71fd8a4,be de te HAwpsizlik keNixiniN bir HizmAt guruppisi mundaq Hulas ciqarGan
98d8a0fa518c4ab8b711856566eb492c,nAtijisi vasasiy vorunda turidu yetArsizlikimu vaz vAmAs bu baha vadil bolGandur
a4bc35acf6ad46f490bf716fe646b8cd,vamerika varmiyisi bUgUn vOzliri wAzipigA tAyinligAn nAjAf xAhiriniN baxliqi vabdul munimni qolGa valdi
8557f73fd09c4391bca0114a9cf44832,Hotuni ramiyA bilAn qizi sAfAf kUtUlmigAn wAqAniN yUz berixidin qorqup sAhafniN yenidin neri kAtmAydikAn
5148bf1b62e847a0a7a3547516ce34a9,yigirminci mart vAtigAndA sirtta pojaNza vetiliwatqanliqini vaNlap yeNidin birAr dukan tijarAt baxliGan voHxaydu dAp voylap qaptimAn
cfa3566ee15441ac9cb8958289d5cd36,béyad HAtni kOrgAndin keyin tAsirlinip dArhal zuNtuN gdower keliwelandqa juNgoluq vixcilarGa tOlAn berix hAqqidA tAklip bArgAn
21fc34d25c424227b54b00b15e12a58b,bu tAxkilat vasiy qoxunniN rAhbiri loran desilini vOltUrUx vUcUn qurulGan
3257f951defb445ea44cd847325d01b2,bu vorun qAxqAr HAlqiniN qurulux binakarliq nAqqaxciliq sAnvitidA namayan qilip turidu
48409bd0835d44e288d1ef2a49d6426c,vu poyiz xopuriniN mAslihAtini pArwasizla qobul qiptu
60733db9d04b462388b45488206709ef,keriyA nahiyisi yeqinda yUzdAk vAmgAkcini fucAn vOlkisiniN dehua xAhiridA vixlAxkA vAwAtti
bbb9a0b47514496894c572abc28e8500,bu nemA gAp vAmdi mAn vuniN gepini cUxinAlmAy vaGziGa haNweqip qarap qaldim
a3a35f2c784b4e4a9db01940c8acdba1,riyadta von vikkinci may yUz bArgAn partlitix wAqAsini vasasiy pilanliGucilarniN biri sAvudi varabistanida qolGa velindi
ea59ab201591435eb3855602f606dbd8,bir qisim qAhwAHana mehmansaraylarmu Heridar jAlp qilix vUcUn vamanliq saqliGuci yallidi
cc0a7847cfd24ecaad649a43e9ff7bff,hArqandaq bir bUyUk qurulux valdi bilAn varHetiktorniN kallisida pUtUp bolGan bolidu
dbbea0ad35e943668d6fc3f38b80d880,bu varallarda volturaqlaxqan HAlqlAr kokus palmisi vOstUrUx beliqciliq taxpaqa tutux vixliri bilAn xuGullinidu
0e4d78be4b1246e4b86e8c06533c6e22,deNizda mayak bolmisa kemA nixandin vadixip qalidu yaki Hada taxqa soqulup ketidu
2f1eea21901d4eefb9cfc8b5edd184df,vikki miN vikkinci yili vUcinci qararliq vorman bArpa qilix tamamlansa tAbiviy vekologiyA tosalGu bAlweGi xAkillinidu
5a17ff056c714e56a1dd50888848f46d,bundaq baxqurulidiGan sinarAtni yasax tAnnArHi hArgiz bAx miN dollardin vaxmaydu
9b11eae00dbd45ffa3067fdfe2b1995c,jambulat kOz valdidila veGirliqi yigirmA kilogram kelidiGan vikki cOginsiman gantelni kUcimAyla kOtUrdi
a264142df3e14b9dbe5d38c41aa3d155,Hojayinlar bu paraHotniN sUpitigA toluq vixAnc baGliGan
73d8f56782af48cb8d43231a9ac75dd2,bowamniN komzAktiki suni vicAlmAy yiraqtin xeGil cixlAp vAkilip komzAkkA taxliGandin keyin vandin vickAnliki tAswirlAngAn
39d82ec6209b4023b942fa58a829abad,vimtihan nAtijAmniN yaHxiliqini kOrgAndin keyin kONlUmdA bir Hil HatirjAmlik pAyda boldi
62d92552f94f4cc5a20dbd8e8b2a0829,pul mAqsAtkA vaylinip rAzilik mAnbAsi bolup qalidu
25137364d04d420aad98d854f7ef47a0,vu maxiniGa ciqix valdida vanisiGa bir nAccA veGiz tAsAlli sOz qildi
d45f46ef2f3c4a9a9a9217f34a306939,bu vadAmniN pozitsiyisi tolimu tAkAbbur vikAn
e3245b125d97482390195d871d020748,tAtqiqati valimlar valAmniN siri vUstidA vizdAnmAktA
66bfb5de214a46928a124b1004a324e1,toy vixtrakciliridin biri zoq xoH bilAn vaxu bayanlarni sOzlAp beriwatqan vidi
1e375638248b40d3b5a696445f0ddd42,vular qaxtetixi sodisi bilAn xuqullinidu
3308ec11d9494266ad8d3feb231f658f,vadAmni palakAt basqanda nemila qilsa qamlaxmaydikAn
07247e0bc76142228973ae251b924eea,voqutquci vuniN vOginix pozitsiyisidin vintayin narazi
b8cbfec112464d9187852dd07c1c814d,vular qoxulsila mAktipimiz tArAptA baxqicA pikir yoq
c1909115c475468fadb9ca56eb60d0a6,vu qattiq qayGurGanliqtin vuzun vOtmAy vorun tutup yetip qaldi
23b4b9deff254d8fa5422d9f1d53c273,bu vixta hAmmimiz tAN kOt ciqarduq yaratqan tOhpimizmu voHxax
a9c53b9699054962a0523a53d7d43819,vuzun vOtmAyla bu bala bir munAwwAr tAnhArikAtcigA vaylandi
f507137e16294862a92fd2bb1d456b60,mAn sinip hAyviti bolux riqabitigA qatnixip vaHir saylandim
22d60c744849480ea47d91a0038d6a88,muvAllim bizgA vOginix ramkisi bAlgilAp bArdi
89bb9a982bb9443d965755a01f879f07,telefon vulandi validiGan vadAm yoq
3fef4191fc824e4db4880b0eb2f30ad3,kOkirikiNizni rentiginda sUrAtkA valduruN
7abb9c9cb1d94365813906392591d313,tokyoda vUc kUn turGandin keyin juNgo HAlq vawivatsiyisiniN vayropilaniGa volturup beyjiNGa qaytimAn
09aca094483949069218b53559209f41,vallahniN rAhmiti bilAn nahayiti voNuxluq wA kONUllUk boldi
864f96c60ac94c45a9c1ccf6d5508776,bAkmu vApsus biz malni tapxurup valGandin keyin malniN catiqiniN barliqini bayqiduq
3edfcb4cacd9412bb8c21d2f8920da6d,yaHxi cUx kOrUN
a520853fb3a44818ab08bb1ad5262662,telefon vulandi validiGan vadAm yoq
8e09574dc68b441f8100744b28e83e21,mAn qan wA sUydUkni tAkxUrtmAkci
04f201b1bca642179c9669ba03c5237a,mulazimitimiz kerAk bolsa telefon beriN
8dd2be03591d4e04b66140e89d69da41,juNgo vAlciHanisi vAtA kAx dOlAt bayrimini kUtUwelix yiGilixi vOtkUzmAkci
1839c3769ceb49a492eb2b8abdd4e226,bUgUn tAntArbiyA mAydanida putbol musabiqisi vOtkUzUlidu
76d36d72b5dc436a8bc6d80167609029,kAlginiNizgA minnAt qarimAn qAdAm tAxrip qilGiniNizGa rAhmAt
4c0438287d994542a0a43696d7c73d50,sizni kOp vawarA qildim
1885cbda0e834c569f35a23d21d90ec7,telefon vulandi validiGan vadAm yoq
b54ff276e158458a8d900ac2b7fce95e,sAn top mAstanisi coqum kOrUxUN kerAk
8c732b2afd974504a43eb3b63207235c,sawut vOzi coN bolGan yurtidin vayrilip vawat xAhArgA kAldi
fc5eb20d07244306a1616846f8c47046,vilgiriki qoral tAkxUrUxlArniN hAmmisi mAGlubiyAt bilAn vaHirlaxti
375a02b5b4c4495c8d17ba923da3eb92,vottura vAtrAtniN bu mAwsumluq HizmAt pilani vixlinip boldi
02098a96eabf40048e92eb271ffa8348,subyektiwizmliq xAHsiyAtcilik vuniN mahiyiti
dde82992835543869ae308d73ba04c1e,vAslidiki pilanimizda tunji tUrkUmdA qobul qilix Hizmitini vaHirlaxturmaqci viduq
e07d5027520e474887396519bf5a69c4,voquGucilarniN qorqux gumanHorluq wA qarxiliq kAypiyatini tUgitix kerAk
45f1b5827cc54e229d73310eee0b1b55,hazirGicA hecqandaq tAxkilat yaki xAHs bu vixqa mAsvul vikAnlikini cakarlimidi
cc70bb5a02e84212a103fc37a53792f0,vu pulniN vazduruxqa bArdaxliq berAlmAy cUxkUnlixip HiyanAtci bolup qaldi
a82c8ded2a524a00b970534fb24c9a5b,pAqAt bir gitlérla kAcUrUm qilix hoquqigha vigA
a3367179414a4a21bc45aa5ec0a7b96f,bu yil yigirmA tOtinci fewral yUz bArgAn yAr tAwrAx maralbexi pAyzawat qatarliq jaylardiki hAr millAt vammisini GayAt zor ziyanGa vucratti
4a3585e8696649a2a46bf184144ac4ad,tUrkA mAnistanniN hawa kilimati qurGaq hOl yeGin vaz bolGanliqtin paHta terixqa bAkmu mas kelidikAn
becf173a9caa4aa09c6c3ff36dae3c08,bu qetimqi vot vapitidA munasiwAtlik HadimlarniN jawabkarliqini jAzmAn sUrUxtA qilix kerAk
df9837cc1d204f608bc0025f9983ca89,hazirqi kUndA cirayliq qiz cokanlarGa qarisaN kOzUN quwwAt tapidu dAydiGan gAp bar
457201457d3744ef986e1f7585746ef5,helimu vu parasAtlik bolGacqa bir qetimliq vosal halAtniN yUz berixidin saqlinip qaldi
ef4f03bf48754667878594f67ae7ca33,hArqandaq bir temA wayigA yAtkUzUp vipadilAnsA vu coqum HAlq tiliGa vaylinidu
94e0d3a1be454246aa031f5b5efa500e,yigirminci mart vAtigAndA sirtta pojaNza vetiliwatqinini vaNlap yeNidin birAr dukkan tijarAt baxiGan voHxaydu dAp voylap qaptimAn
321b0d9ec6044e8ba80fe365065687e3,bu varalGa rusiyilik vikispiditiyisi brén’g kAlgAn wA vu jayGa valevot dAp nam bArgAn
26d7d6e184dd49d391cb5445ab82e436,xinjaN geziti muHbiri jiddiy vuqturux ciqirip layaqAtsiz maskini qayturuwaldi
fbc77a8468e7407180090a1cbd0af941,mAynAt yollar taziliq vixciliriniN tazilixi bilAn rAtlik hAm pakizA bolup kAtti
1dc4a894e056454baa53ed47e5a18283,qara veyiqniN hArikiti qaxaN bolup meNixi tolimu vasta
bd440511e8bd466e95137353d1dce2e1,silArni qizGin qarxi vAlimiz
def1a639b5334ce59f0ec6fb2ca4d0b0,bu yArniN tatliq tUrUmlirini tetip baqay
7824bae8e4d34b08b3874af8b9fc9c85,sizniN tApsiliy cUxAndUrgAnlikiNizgA rAhmAt
f19ec9621aff4479b7a274c24346f0bf,bUgUn cUxtin keyin mAn vAhmAd dokturni ziyarAt qilGili barimAn
c52ab54cdd7e40628e19f999e8b2520e,bizdA jAzmA yeNi bir bAHt pAllisigA bolGan qaynaq varzu yelinjaxqa baxlaydu
db6d885d305143928e72a908a0deeaca,bu varallarGa rusiyilik vikispidit sici brénk kAlgAn wA vu jayGa valevot dAp nam bArgAn
24712b2693234f36a34df50ec2344544,jambulat kOz valdila veGirliqi yigirmA kilogram kelidiGan vikki cOgilsiman gantelni kUcmAyla kOtUrdi
31cef788f083418590a3445f7feeb8a5,tawarlarniN setilix yolini vUzlUksiz keNAytix vehtiyaji burJivaziyiniN dunyaniN hAmmA yerigA tarqilixiGa tUrtkA boldi
49aefd34cdc24875a9af18e8e41367d5,hazirqi vaxHabada tUrkmAnistan jumhuriyitiniN siyasiy viqtisadiy mAdAniyAt mArkizi vasasiy qatnax tUgini bolup turmaqta
fa9cd345c1af4dfca9bb44ed7f1fe06c,baxqa rayonlardin vaxHabardqa kelidiGan kixilArmu vaxHabadta tatliq su vobdan turar jayGa yemAkliklArgA vigA bolGan
1050fbebb0b04bfeb722a4c7f5b7c1d6,varqidin yetixip kAlgAn bOrilAr vOlgAn bOrini voruwaldi
4d2f047630ab432eaa1a227d445a4dae,tAkxUrUx nAtijisigA vasaslanGanda siz pUtUnlAy normal
de26918b695f43c8a85ae4c81eba921b,mAn bir vayropilan belitini valdin zakaz qilmaqci
c28db0b7af234d38931731515932633d,siz remont zawutida voNxitiN pulni mAn tUlAy
49952bc99ca94aa2ab36b5de7b1b6cec,turmuxumda bAzi vixlarni Hata qilip salGan voHxaymAn bumu vOzUmniN xori
a3d3ea2702874829830acc827b7e1e6c,vuniN jan pidaliq bilAn HizmAt qilix rohi mANgU vOginiximizgA vArziydu
d1cf38635f0445e99740a1f1e060ea4d,kUclUk quyax nuriniN ceqixidin kOzUmni vacalmay qaldim
c72fdb466d48453ebb13d60a89aebb9b,hindiqix teGiniN vegiz qisilliri davim qar muz bilAn qaplinip turidu
06465a350027421bba1711d03511b30b,sansizliGan bayram panosliri tyAnvAnmin rawiqiniN hAywAtlik xAklini namayan qilGanidi
31ad1d4c1f374ae0976d63cefffb3536,kUz kUnliri vaqarGan qomux pOpUkliri mAyin xamalda yAlpUnUp turatti
b3d354dc7c3443b3a40ff22c679906ce,xAhirimizni teHimu gUzAl teHimu bayaxat teHimu zamaniwi xAhAr qilip qurup ciqixidin vibarAt
fa2e1fdd1dc640cc9810bac4909d03c5,sirttin kirip kAlgAn vOmAr muhAmmAt rAhim vOyniN vici haraq purayliGanliqini hes qildi
ef196710ddb04df49d2567977f09ed52,hazir turmux tArtipi vAsligA kAlgAn bolsimu yAnini bAzi HatirjAmsizlik valamAtliri tUgimidi
3857fc3f38e5404ebfea603b9458bf6a,tuyuqsiz GarasliGan vawaz bilAn tAN bu veGir mAHluq quram taxqa vurulup toHtidi
383aeed18d9148049a0c072f26862880,bu xirkAt vilgiri juNgoluq vixcilarni tUrkUmlAp bu yArdiki kOmUr keniGa yalliGan
19ef00f7200d4cf890f17637bcd1cb1b,vu vOzini muHbir dAwalGan bolsimu vuniN bu vayropilanGa volturux salahiyiti yoq vidi
baec07a8e2f44e14bf398a93d4556d0f,yigirminci mart vAtigAndA sirtta pojaNza vetiwatqinini voNlap yeNidin birAr dukan tijarAt baxqan voHxaydu dAp voylap qaptimAn
cf6030cb3fad4c4cbc4a5ea2edb0e354,bir tUrkUm mol tAjribilik diktorlar programma riyasAtciliri muHbirlar wA reJissorlar barliqqa kAldi
3b87738481584c94929004778b2bca35,vu poyiz xopuriniN mAslihAtini pArwasizla qobul qiptu
604bf349de39408d92b028c8a244024d,yigirminci mart vAtigAndA sirtta pojaNza vetiwatqinini vaNlap yeNidin birAr dukan tijarAt baxliGan voHxaydu dAp voylap qaptimAn
b49c2ab5a689430980e0025afb82c82b,bu vikki viqtisadxunas yilliq nobél mukapatiGa verixti
d85794bbf72a45818a2cd08d60d8d972,tAqlidiy vawaz vartisliri visqirtip kakkukniN sayrixini doriyalaydu
742ff42336834694824d5f9e3ee9cea9,burunqi jAbir japalarni vAsligAndA vacamniN kONli qattiq buzulidu
1e05df0850e743719216685e9d949881,kemA qattiq cayqalGanliqtin vuniN bexi qeyip qusuxqa baxlidi
f5f3197a164845e6b58bf21539b5fb92,vOyniN vici pakiz hAm cirayliq bolup kixigA huzur bAHxi vetAtti
e4025ff2378d4b1db5c55e9119816b75,bu yeza vaqiwAttA coN yeGinda tAnqidlinip jAriman tOligAn
3cb6bf2f1b6e44e8aeb0f2980af5a1f7,tizginlAx tAdbirini muxu nizamdiki bAlgilime boyicA waqtida qollanmiGanlar jazalinidu
44ab7737712c4f1f9811e2962058b57d,vu yoGan mAHluqni wu soN yArgA miqtiwelip tirmaxqudAk pursAt bArmidi
c135b599d7da4322859e5f2493f5a202,HAlq vammisi bizniN vAdAbiyatimizda sUrAtlinidiGan vasasliq vobyekttur
69d8e4e869824ae4bb3ba8657f8074d1,vamerika varmiyisi viraHqilarni sadamniN vOlgAnlikigA vixAndUrUx vUcUn xundaq qiliwatidu
64852c1ba5d549559505801a681e8f61,vuniN jan pidaliq bilAn HizmAt qilix rohi mANgA vOginiximizgA vArziydu
47a228cbdfd24544a1ec58530259b411,bu qetimqi veGizcA imtihanda kOpcilikniN deklamatsiyA viqtidari tAkxUrUlidu
46ce0e407fd94436a69f1aa4aabd6ec5,vayiqiNizniN boqqucini cekixni vuntup qalmaN
d0542fc0476341b2847a44fe69ecd59b,pilanimni bOlUm rAhbirimizgA dAp rohsAt valGandin keyin vixqa kirixtim
63ec06dec5f1420f8d90247e04ed780e,dOlitimiz vAmgAkci HAlqi kompas partlatquc dora qAGAz wA mAtbAvAcilikni hAmmidin vawwal kAxip qildi
3a0c44da0a36467b8ea068cb47d2130a,xinjaN jamavAt HAwpsizlik cegra mudapivA bax vAtriti namratlarGa vAmAliy vix qilip bArdi
9d47a96f46634457bf40dd5c64442dba,bu qetimqi vot hAptidA munasiwAtlik HadimlarniN jawabkarliqini jAzmAn sUrUxtA qilixi kerAk
e09bcb95401d438ba92889b8eb0a490f,vilanda vottuz bir yaxliq sims vOzini mulayim zerAk vayal qilip tAswirligAn
d1eaf4751e194fc5ad0a24ce687c50b8,vu mAktApniN tAqdirlixini dawamliq valGa vilgirilAxtiki yeNi tUrtkilik kUc dAp qaridi
989750f8252b484fb08cd5c830c5eddf,vu los vanJelestiki kaliforniyA vuniwersitetiniN misirshunasliq boyicA muvawin professori
17d5a1756e9c48e9980febaf7c6770d0,bu maqalA vijtimaviy revalliqni vAynAn vAks vAttUrUp beriptu
2cdf48905243466581459e9c3f1e814e,vottura vAtritimiz yAnA sAkkiz nApAr pivonerni yetixtUrdi
cc23237359ab42bbb4050372b45346d5,muvAllim vuniN yeniGa berip nemA vUcUn yazmaywatqanliqini soraptu
ac4b4a80c14d4acd805e41ed47eb2f79,vAHlaqiy pAziliti nacar voquGucilarniN valGa besix jAryanida Hataliqni tAkrarlixi normal hadisA
a9fb21ebfd7346789ea881315a731b5c,bu wilayAt yAnA tUrlUk yollar varqiliq mAblAG toplap vetiz deriq su vinsahAttA vasasi quruluxini mas qAdAmdA tArAqqiy qildurdi
13e091315a364b98aad297b3c06fad42,milliy mAniyitimizdin yiraq bolGan cin gUzAl lAwsUrUk zilwa degAndAk velanlar dehqan carwicilarGa bimAnAt yilidu
54348d3ddc5345b7b521197b03bdbd18,visraviliyiniN ximalGa jaylaxqan bir tUrlUk mallar magizinida sAkkiz yun partlax yUz berip vikki kixi vOlddi
d54a351bff3f48379b3b91a56c2f093e,vular volturuxta haraq vicipla qalmay nAximu cAkkAn
f8947ea282514bcb841d9ca4c414ff2a,varqidin yetixip kAlgAn bOrilAr vOlgAn bOrini voruwaldi
a0f120d7ad8f4d108ffb62c9a7df6cc2,birdAmniN vicidA vuniN sONikinila qoydi
3482c84f75084315b3a92708caf78fc0,kAcUrsiz sizniN bAltiNiz vetibar bAlAt qayturuxqa bolmaydu
6604382f48154f4585e090939f0ce06a,zimistan qix pAslidA vittipaqdax varmiyiniN vAhwali vintayin qiyin bolGan vularni vazabtin qutuldurux vUcUn flornisi nigitngal wA vuniN sestiraliri qirimdA HizmigA kirix
af91c335d9364e1b911e986085fd86cd,kolombiyA vuniwersitetidiki nobel viqtisadxunasliq mukApAydiGa verixkAn jozigh stygotis Harward vammiwi maliyA mutAHAstA linda bilmus bilAn billAklikidA velan qilGan tAtqiqat doklatida viraq vuruxiGa kAtkAn barliq mAblAG maliyA selimisi vijtimavisilnma wA makro viqtisadxunasliq tAnhAriHini vOz vicigA valGan bolup vikki terelon dollardin vixikitidu dedi
7dff66bf5cf3499bbdb7485a9a4acc36,taN vetip qarliq coqqilardin cecilGan quyax nurliri vaq xayiGa besilGan zArdAk yaltiraxqa baxliGanda bOtOti jilGisi Huddi vuzaq yillar vuyquGa bAnd qilinGan tilsmattAk jimjit yatatti
9cd2a9365f3d4c57b2b7ebab861ad212,qasim vorgan gezitidA maqalA velan qilip bergebrokeller piwiHanisida nutuq sOzlAp qutratquluq qilGan
8455843332fc458f9f8dcc9474aa1d1b,vAngilyA mustAqilliq geziti niN viyuldiki HAwirigA qariGanda viraq vuruxiGa qatnaxqan vAskAr vOzliriniN mAskur vuruxqa qatnixix jAryanida bigunah puqralarniN qurlap vOltUrgAnlikidAk zorawanliqini vaxkarilGan
abb24de9ba40492da6f022d3d401d763,diJon vApAndi vabdurehim nizariniN vasasliq vAsiri mAftA dastani ni vuyGurlarniN vilim vAlfiH mAzhipidin biri bolGan hAnifiyA mAzhipigA tAwA dAp qaridi
8ae8b1c51acb426aa56199fa053afb48,tAkxUrUx doklatida kOrsitilixicA voquGucilar hAr kUni mAktAptA jiddiy bir kUn vOtkUzgAndin baxqa kOp waqit serp qilip mAktAp tapxuruqi wA vavilA baxciliqi vorunlaxturGan dArstin sirtqi tAkrar tapxuruqini vixlAydikAn tAkrar kursi wA kurJiklarGa qatnixidikAn
a0ae5783377144f5b8a5627d22e06e04,terAklArniN tOpA xaHliridiki Goralday qurGuy kOkinAklAr curquraxti kAptArlAr kOpkOk vOsman qArdA gUl ciqirip pArwaz qilixti
38c32ac6f8ed4e2c8311319394d86055,vikki texiGa vurup vixxtip yoGinitip vandin keyin buqini piciqanda daGliGandAk daGlap catarini vOrtAp kOydUrUp vOltUrgAndAk kOrdUm
2c09f2c837954aefbe7f0038c5c08d13,bu jUmlA yAnA molla mirsalih qAxqAriniN ciNgizname namliq kitabida velinGan
ccd4e48636a543adb00560a4374b96a1,Hu jintaw lavos HAlq demokratik jumhuriyitiniN rAvisi commal sayginniN tAklipigA binavAn von toqquzinci noyabir lavos paytAHti wintiyAngA berip lavostiki dOlAt vixliri ziyaritini baxlidi
443f8794869d4e94ab00d862f51b726e,hAjim nuqtisidin mupAssAl luGAt vUzUndA luGAt wA cAklik luGAttin vibarAt vUc coN tUrgA vayrilidu
ef359b2004a94fd796bc3e0cc3eb6c38,buniN vUcUn vAynuddikniN hArbiri vottuz bAx gramdin HArbAqniN hArbiri vottuz bAx gramdin HAxHax yigirmA bAx gram pilpil von bAx gram badam meGizi yigirmA bAx gram qapaq vuruqi meGizi von gram juNsilaN gUl vuruqi von gram cakandaq qizil tudri von bAx gram jAmbil von gram qizil cOpcin malHulyaniN hAr biri von gram juNsilaN gUl vuruqi von gram cakandaq qizil tudri von bAx gram jAmbil von gram jAmbil von gram qizil
c66024a0d1e74fe2a95a45533d2072df,bu Hil HisrAt balilarda yeNi vUlgA pAyda qilip balilarGa bir tApAkkur boxluqini vata qilidu
6d25d5fcfb964c6bae4afecf2936767a,Han jAmAti qoxuni vUcinci qetim xArqqA yUrUx qilixta cAwAndazlarniN sehriy kUci boGacqa xan xArAp qucti ricard padixahlar varisida rAhbArlik vorniGa vOtti
a3c6973eccfe42dd86933cdf43a22b78,vaklit bir qizniN qolini muwAppAqiyAtlik vopratsiyA qilip saqaytip hindistandiki mAxhur xAHskA vaylanGan
2c437fcd4de74a11b954b89507f29dee,qAmbArHanimniN vusul hayatiy vAks vAttUrUlgAn foto sUrAt kOrgAzmisi baxlandi
9ca878989c17406cb5038fed2bf8d4b6,bu kitabni tUzUxtA meni qolliGan valahidA yardAm qilGan zor vilham bArgAn muHtArjan yaqup muhAmmAd kerAm vismavil qatarliq dostlirimGa xundaqla kitabimni yaqturup voquGan barliq voqurmAnlirimgA cin qAldimdin rAhmAt veytimAn
ccb8fc68397b474d8881e4106a53da68,dONmAhAllidiki noGaygot mAktipini pUttUrdUm vAmdi vAksinirniN valdidiki gimnaziyidA voquymAn
62d4299072184944a452731b62694e99,yay yoy dAwridA yamato kanuchi setso vAtrapliri seto vicki deNizi varqiliq coN quruqluq mAdAniyitini kenikniN xArqidiki bu rayonlarGa kirgUzidiGan qapqaq vidi
feebefcda3254bb09e5a32de535b2cdc,vOlkA yoli vikki yUz birinci liniyisiniN qaramaydin yUyxuguGicA bolGan yol bOliki vaptonom rayonluq HAlq hOkUmitiniN tAstiqlixi bilAn qArz velip yasiGan hAqliq yol
ad11b42a849d47b18602ff20448392d0,vana sUti tArkibidiki vuzuqluq maddida baldur tuGulGan balilarGa nisbAtAn gOhAr bolup yaman Harakterlik kicik vUcAy boGmaq vUcAy yalluGiniN valdini velixqa paydiliq
fc5d47db346b41f8bec6bc28f0d34881,bowaq tuGulup tOt kUndin yAttA kUngicA sus qoNur rAN halitidiki coN tArAt kelidu bu sUt voGutliri deyilidu
61844222819e49cbb222d8a50fbcb4b6,bu waqitta balilarniN til qabiliyiti teHi toluq tArAqqiy qilmiGacqa balilarGa kicik vaslan miyaw miyaw coN seriq vid haw haw degAndAk sOzliri vaddiy ritimliq qiziqarliq balilar naHxisini tallap vOgitix HelmiHul haywanlarniN pavaliyAtlirini dorax kerAk
5c886892aba34d21bb5ed68fcabf6d99,vuniN qaGa quzGunlarnimu yawa toNguzlarnimu tilliGusi kAldi
19331a4317af434396c358ec708e1d0b,vuruxtin vilgiri lodzda mantyor bolup vixligAn yax vAtrAt baxliqi telegrafci wAtAngA vasiyliq qildi wA vAskArlAr varisida kommunistik tAxwiqat yUrgUzdi dAp vAyiblAp veytixqa hOkUm qilixti
a9ea0980b63d424284e93cb9470b350f,dOlAt mudapivAsi ministiri bolGan ramosfeleddin vuzaqraq wAzipA vOtigAn
ea19b6cd1b254d2c8ff5b426c896ff62,vaygul vuniNGa vOziniN xeHpiGi yolidiki sulyaw zawutiniN valdiGa barmaqci vikAnlikini veytip vuniN motsiklitiGa ciqti
1741480cf5fa42c3a1c2812ab5a0634e,vular yolda bir soGuq vicimlik dukkiniGa kirip birmuncA maruJnini velip yidi
13620d556e7b4f988766d25b317b8dc5,vu vUc boGuzGa barmiGan mOjiz yaratmiGan bAlki kojravinGa jaN velan qilGan waqtidila voGul baliGa voHxiGanidi
3e6d34cdc63b414fb3b50f4a24a51056,biz vottura vasiyadiki vAprasiyap bArAHxah pAnjikAnt qatarliq qAdimiy xAhAr HarabiliridA qismAn bolsimu saqlinip qalGan hAykAltiraxliq binakarliq wA tam rAsimi nAmunilirini buniNGa misal qiliximiz mumkin
9b232b22a30a46d883b76a93b270200b,vural cUcUkbuyniN vasasliq Himiy tArkibliri tritrpit tUridikilAr wA flawon tUridikilAr baxqa tArkiblArdin yAnA bivologiyilik vixqar poli saHarid kumarin vamino kislata kOp tUrlUk mikro miqdardiki velementlardur
d8e2bdbfd6bf4353ae46d1cfbb3fc169,juNgo mavarip vixliri ministiri bir wAkillAr vOmiki vAwAtip vamerikiniN baxlanGuc mavaripiGa qarita ziyarAttA bolGan hAmdA dOlAtkA qaytip kAlgAndin keyin miN HAtlik doklat yazGan
d298a3bef7e94308ab2868cd3080f6a8,vAmAliy vehtiyajGa vasasAn sarsniN yuqum vAhwalini kUndA mAlum qilix hAptidA mAlum qilixqa vOzgArtildi
419d6f2b35ce4a8186cdf39e5f3820c1,vonsu nahiyisiniN gUlawat yeza vaqvOstAN kAntidiki yAtmix yaxliq boway nurAk vawutqa von yil burun sAwAbsizla bir kicik til ciqqan
75bcc0ce87234678b8b7cf8b3fbe6721,vikki texiGa vurup vixxtip yoGinitip vandin keyin buqini pixqanda daGliGandAk daGlap catarini vOrtAp kOydUrUp vOltUrgAnnimu kOrdUm
d917342d93b7490394197ac2935d3ad4,likud guruhiniN voN qanat parlament vAzasi yuwar staynitis volmeirttin tAHttin cUxUxni tAlAp qildi
377a81ff713244039d782a7f138f686d,wrangel basmicilirini tezdin tazilax vUcUn partiyA mArkiziy komiteti GArbiy jAnub frontiniN qirim jAN mAydanini mustAqil jAnubiy fronit dAp vayridi wA qararni vorunlaxturuxqa stalinni mAsvul qildi
6fcc055878e64351bde936569730a68e,lahordiki jamavAt Gulam vAhmAd mirzini pAqAt mujAdid yeNiliqcisi dApla qaraydu
bfbf8bff007241bea7c67d391a745d7d,jilGiniN vikki qaptili gahi tOt bAx yUz metir vegizliktiki grant taxlardin vibarAt tik vasma qiyaliq gahi yArliri veqin lewigicA gorzuntal yOnilix boyicA pAslAp kAtkAn yaylaq vidi
3905f4cd6cfe4b5b9f86d0c453f4175b,vular baxliriGa qara rAHt voruwalGacqa HAlq vularni qara sipAclAr dAp vatiGan
039d3eafde0e46ca8b16d0e14ea2ff2b,vAyni caGda vAmir noh vibni mAnsur sidiq vuniN dOlitigA lAxkAr tartip bu xAhirigicA vurux qilip berip nurGun mal dunyani qolGa kAltUrgAndin keyin cikinip qaytip ketidu
cf90ce26382547fd847c1d5211741fd8,soGdiyaniniN ximali vetil dAryasi boylirida bolsa vateviz qasar baHu pecAnAk juHAy habicqatarliq qowmlar bolup vUc tUmAncA lAxkiri bar
7eda145d61f841c2ae4691c6adeeeec9,pilA mAxUt rAq wA cimAnzarni cUxidA kOrsA mal dunyaGa vigA boluxniN mArtiwisi yuqiri boluxniN yUz vabruyluq boluxniN vAmma hoqoq mArtiwA mal mUlUk tUpAylidin vapAtkA yoluquxniN bixariti dAp qarilidu
ac64c3328d55480297c6474af572f22e,mAn coN bolGucA tUzUkrAk yol tapalmisam vAnA xundaq tAmtirAp qalimAn digAn vAndixilik HiyallarGa berilmAn
dd7bb232792f42f29f9aa8219f2c33ab,moNGul kixi HuaN katipnN sOzini vOrUp biz vUcUn vAN vaqlanilik vamalniN baricA tAn jazasidin qutquzux didi
48974472ec8f464c86070227ce9463af,bizki qiyaliq bozyar baxquruxHanisi xol toGruluq toHtam tUzimizki qAdirdan vabbasqa bir miN vikki yUz vAllik tonna gUlA qaqniN kilosini bir koy vUc mo bAx puNdin sattuq
d3fc1be5130e488b9cda9c79c2735ad1,bAxburjAk binadin karHana vammiwi siyasiyA tAtqiqatHanisiGa yOtkAlgAn robnzon vaqsarayiniN sOz bilAn hArikiti birdAk bolmidi dAp vAyiblidi
2f2bb39405f243a2b39cc844d91bf43e,qAwziyAt kAsiligA giriptar bolGan kixilAr vuzunGicA hAsAl vistemal qilsa vUcAyni siliqlaxturup tArAtni rawan qilidu
4c5422b04ee24dff8ba85780258ef143,dOlAt mudapivAsi ministiri bolGan ramosfeldtin vuzaqraq wAdipA vOtigAn
ed82c40ab5c147c8a54b6da08cf6bf4c,quxqaclar bu jAzirigA nemini kOzlAp toplaxqan bolGiydi
ca0472461aef4da4aa38b4adc13e8128,til kecikip ciqqan balilar coqum dOt hesablinamdu natayin cUnki balilarniN vAqliy qabiliyitiniN yuqiri tOwAnliki yalGuz tilni vOz vicigA velipla qalmay yAnA tApAkkur put qol mAxGulati qatarliq nurGun tArAplArni vOz vicigA validu
446d6da5db2c445792dc2d0a5d2c51da,pAhliwi hakimiyitiniN GArbpArAs siyasiti xivAlArni yAn bir qetim veGir voNuxsizliqqa vucratqan
80ec041e462f4b968c3176436ccd6f7b,vAllikinci yillarda bu rayonda tOt yUz vatmix miN gektar toGraq qalGan
fb3190dd32c849a594851329a2de2c89,qocu vuyGur HanliqiniN qol vUnArwAnliri pil sONAkliri wA qimmAtlik taxlardin vagat yaxma qatarliq minérallardin marjan kAhriwa wA qaxtexidin pil xirlarniN hAykilliri wA hArHil zibu zinnAt buyumlirini yasiGan
730d46629e9f4743a75e4f10785e8c89,likud guruhiniN voN qanat parlament vAzasi yuwar staynitis volmeirttin tAHttin cUxUxni tAlAp qildi
eafbaf16d30348d486129fb7b58f0e1d,polsha jumhuriyiti hOkUmitiniN muvawin zuNlisi pafrok romiyA hOkUmitiniN zuNlisi tercanu liksmburg kinAzlik hOkUmitini xundaqla dunya viqtisad munbiriniN rAvisi xibanoniN tAklipigA binavAn gowuyUAnniN muvawin zuNlisi ziN piyAn yuqiriqi vUc tOllAttA rAsmiy ziyarAttA bolux hAmdA dunya viqtisad munbiriniN vikki miN sAkkizinci yilliq yiGiniGa qatnixix vUcUn von tOtinci yanwar beyjiNdin yUrUp kAtti
304996e7a5394a909438e0b3c5699075,picAkgUl zAhArlik yilini tuyuqsiz hujum qildi
1db1cb57fa074000b479b26f6609753b,kigley yaponiyA jAmviyitiniN bir qetimliq muhakimA yiGinida bu qaraxni votturiGa qoydi
4d0cdbcc6532498c89cf9aaae390a7c3,zagros taG tizmisi bilAn kuhrud taG tizmisi viranniN kOp qisim stratégiyilik nixanlirini qoGdap turidu
b95011e07bf8481fa923891e5d20617b,picAkgUl zAhArlik yilini tuyuqsiz hujum qildi
93f3097cb52048ae80d14134b61b7291,daHiyAnzidiki qomandanliq xtab belindaJGa vorunlaxqan vUc qAwAt yaGac tax topa bilAn yAr vasti vOygA vayropilan taxliGan bomba minamyot zAmbirAk voqlirimu ziyan zAHmAt yAtkUzAlmAytti
9465345cb48547b8a5bf71b8009aa938,kicik vUnvalGuni yancuqqa selip vaNliGucni qulaqqa tiqip qoyup veGizida maGzap qAn caynap turup vayanciliq qAdAm bilAn yUrUxliri vAmAliyAttA studentliq vobraz modisi
1883879b704a44c696c31bd6846a708c,cUnki yapon jahangirliki bir miN toqquz yuz vottuz birinci yil von sAkkizinci sin dAbirdA juNgoniN xArq ximaldiki vUc vOlkisini besiwalGandin keyin tajawuzciliq pilanini teHimu keNAytip bir miN toqquz yUz vottuz yAttinci yil yAttinci viyul kUni beyjiN xAhiriniN GArbiy jAnubidiki lugutxaw kOwrUkigA hujum qildi
d364e439752446cabf685b3807aa5e87,bizniN jaGistayniN vitilirini demAysAn kAxqurunluqi dArwaza valdiGa ciqip veNikini vikki qolniN vUstigA qoyup mUgdAp volturup ketidiki vOtkAn kAckiNgA qaway disA jimi vadAm tonuxidi dAp maHtiniptu Halmirat mu nOwitidA
d2f2b6b1927840deb51734bdcb20a196,hAr qandaq bir dinniN xArhlinixi vintayin qattiq vortodoksal metodni tAlAp qilGacqa dinniN HizmAtkarliri bolupmu dinniN nopuzluq pAtiwaciliri vehtiyat bilAn tallinidu hAm yuqiri vimtiyaz bilAn tAminlinidu
1692bb0cb2fc41de8dedd815f4799e3b,muHtAr bay xu kecisi xaGliqtam mAhAllisigA bir bayniN kelinini vowlax vUcUn cUxti
f09b3d7b07ec4691864b2b66cec96365,sAkkizinci may kUni reHistag vUstigA sowet bayriqi qadaldi bu bAlki veGiwadur
29304ce4b2684a7a9957465af0d8c31e,bu kiyim saHta wA nacar mAhsulat vikAn suGa tAgsila vONUp ketidikAn
de05f8b620014c3a9ffa8165978bbf39,picAkgUl zAhArlik yilini tuyuqsiz hujum qildi
b38f06ab7b0a46509350d8ff5de2eca4,sAnvAt qol tAkkizgili bolmayGan nArsA vAmAs vunimu vadAm wujudqa kAltUrgAn wA vOzgArtkAn nArsA
3b0ede0d7937486aa6994e02e151382d,mu valim bizgA makswel viskAndAr zulqArnAyn vadam smit boliwar krumwel vawgust plank rentgen varandin pewsop grum qatarliq xAHislArniN tariHini sOzlAp bArdi
240fe8c10efd47129fe5c9556dd20be6,dastanda vili dAryasiniN voN tAripidiki yeza kAntlArdin qorGas mazar ciNfANzA qatarliqlar tilGa velinGan
4b1d1fcb29aa4cbeb535274c155f52f8,vular kAxmir rajagra qatarliq jaylarGa berip qAhriwa budda nomi xir terisi wA yulGun yuNi vigA bolup vandin vordur qaytti
0ee8e943aa3a4590a852290c61733d61,vu dUbdUgilAk semiz vadAm
6589d6c09e6e40239d51281c4811041b,vonsu nahiyisiniN gUlawat yeza vaqvOstAN kAntidiki yAtmix yaxliq boway nurAk vawutqa von yil burun sAwAbsizla bir kicik til ciqqan
47a9d072acec46a0b4ee30101cd5f658,nawa vOzhal rak cAmbiyat pAnjigah muqamliriGa rAmAl bAhridiki GAzAlAr selinGan
858a8c4cd6e941248241232b03f358ea,balilar kAlgUsiniN yaratquciliri wA vUmidi xuNa vularniN bilim velixiGa xaravit hazirlap berAyli
ee89da55b3044e169092fb27e4710b97,vu hArqandaq bir vadAm tAripidin tonuluxqa mohtaj vAmAstur
1e75d6fdd8d44ad29b91764047d71bfe,bu dOlAt tArAqqiyat veqimiGa mas qAdAmdA vAgixip maNalmay sAptin cUxUp qaldi
525e6871d70340e8b53486ffab652c41,vu vanisiGa boynini siNaryan qilip tAlmUrUp qarap turatti
1070efa2b9d8463cb7baffd3170da3e1,vArlArdiki vOlcimini yoqatqan turmux mAydaniGa ciqarGan jismaniy yiglAx vayallarniN GAzipini qozGatqanidi
d7a65bff275c40eeb2833f21a3173297,pivurerniN wAsiyAtnamisigA binavAn biz generalGa tOwAndiki vixlarni bejirixkA hoquq bArduq
7782fba26b4f4e9eade74b14ce2a2ea4,hArqandaq birdinniN xArhlinixi vintayin qattiq vortodoksal metodni tAlAp qilGacqa dinniN HizmAtkarliri bolupmu dinniN nopuzluq pAtiwaciliri vehtiyat bilAn tallinidu hAm yuqiri vimtiyaz bilAn tAminlinidu
4684974fea52469ba87a8980e98e81bb,von nAccimiz vuniN lAglikini vucurimiz
7b1e026beeed48989a136e2deb3b34d4,sAn mozaylarniN haliNlar coN bolGini bilAn kUnUNlar vittin bAttAr
9c67706a74ee42df95753a5e2f00ee24,qiz bAHti yigit degAn hAqiqAt hAmmA yArgA yezilGandAk hAmmila vadAm hAtta qardin kimqap kiygAn moskwa wA vuniN gUzAl qAdimiy dArAHlirimu qizni qiynimaqta dAp warqirawatqandAk bilinmAktA vidi
c35ed36150b14fd591691ade6c70c89f,bu kiyim saHta wA nacar mAhsulat vikAn suGa tAgsila vONUp ketidikAn
9f72fc49eb764bcdbd98fc43f4f24a2a,vOzliriki molla qariy tOt musulmanniN valdida cahar xAhiri vOmUr birlA vAhAt qarimniN sulbiyA qizi roziHanni wakalitAn vixan damolla binni quddus mAwiligA vikki dunyaliq halal Hotunluqqa bArdilmu
7ea82c49997441589faa99cc88b6a5d8,hazirGa qAdAr windowus nizamlirida vuyGurcA HAt nusHisi tepilmaydu sani bir milyondin vaxmaydiGan bAzi millAtlArniN tili windowus nizamida tepilidu hAmdA mukAmmAllAxkA mAlumat torliri kOrUnUp turidu
e16fdcae3bf04547aa760cba2860ffca,mAmlikAtlik HAlq qurultiyi wAkili rugaw xAhArlik komitetiniN xujisi cinHuyjUAn tOt muHbiriniN ziyaritini qobul qilGanda mundaq dAydu zuNliniN doklati hAqiqAtni vAmAliyAttin ciqix qilGan bolup venergiyini tejAx tAripAtni tOwAnlitix nixanniN vAmAlgA vaxmiGanliqi qilcikmu yoxurmidi bu hOkUmitimizniN vAmAliyAtcil mAsvuliyetcan hOkUmAt vikAnlikidin derAk beridu
70c5e0149f37428e93f91a2506b141d5,bu coN wAzirlAr bolsa Horenji yuAnzuN cyaw weydaw lo yuAnjaN yuAncuN yAnA wu valiyisikilArdin wu sAnsi wu yowniN hAmdA HanniN vixAncisigA verixkAn ji wAn qatarliqlar vidi
c5a88cb3066f4ca7b5c309cee655eac9,radoketsniN mijAzi juxqun vot yUrAk ziyaliy baxqilarGa pUtUnlAy voHximaytti
6ecb50643af249d4a15147fc77474af8,xu yili yazda henri fransiyidA vaHirqi qetim borkit bilAn kOrUxkAn
22f9738338dc41ea953281949732e566,kArri xirnisi sUrkAlgAn bir burda capardiGa gupalniN bir waH tamaqi hesablinidikAn
f1ce146aeb7842caabab7397e89aff72,vanuvatu jumhuriyitiniN diplomatiyA ministiri joytis wers yigirminci yanwardin baxlap muxu vayniN yigirmA bAxinci kUnigicA tAklip bilAn velimizdA ziyarAttA bolidu
a0755e329fa54003a441a25f6c678f10,germaniyA berlin san jozif doHturHanisi yeNi bir Hil dawalax vusuli yAni valahidA yasalGan semont vokul ni sONAkkA kirgUzUp sONAk xalaNlixix kesilini dawaliGan
15802d83efe44a44a0f61e0fae350d94,suN dAwridiki vorda tewipi waNHuAyyin qatarliqlar tUzgAn retseplarda kesAl dawalaxqa vixlitilidiGan vUc Hil vusul tilGa velinidu
94a9f1ac80c14470988470da9995004e,yigirmA toqquzinci viyunda sowet varmiyisi hujumni kUcAytip witebski wA bubruyskdiki dUxmAnlArni yoqatti hAmdA porxani vazad qildi
b8799db2cfa6430f96f43d97d279a312,sowet honsuli yewseyifqa vOzimizniN pikrimizni yAtkUzAyli
d13e7adabb764fe1a371c6f70676a9e7,wehpik xAhiridA volturuxluq pop caris GayAt zor bir paraHotniN deNizGa cOkUp kAtkAnlikini cUxigAn
da74f12c851f4a86aa322c0331c7ed00,hArqaysi dOlAtlAr kAyni kAynidin velan qilGan yilliq maliyA doklatidin vayan bolixicA HAlqvara nefit bahasiniN sijil vOlUxigA vAgixip yeNi yuqiri nuqta yaritilip veksmnof sitron konfer qatarliq vamerikiniN nefit sahisidiki bu vUc coN karHana yAnA bir qetim payda verix pursitigA verixkA
81f1066de87244ecba0fd109f8d9ef26,mAn bAkrA kOrgAn vaqsu kuca qatarliq xAhArlArniN bAvAk kocilirida baxdin vaHiri pavaxHanilar yamrap kAtkAn vularniN Hiridar caqirixtin vati bala bir yArdA maNGili bolmas bolup kAtti hAtta mAn kucada vatalmix hOsin tUzAx vorniGa toluqsizni voquGucqa baliliriniN kirip sodilixiwatqanliqim kOrdim hAmmA buzuqciliqlar muxu yArdin tarqilidu
1c12e1311a234e1b94359674cb9989a7,bu vetotniN tili yumurluq hAm vOtkUr bolup hAjwiyliki nahayiti kUclUk
15b84a819b43495f9754249bf4929539,terAklArniN tOpUxAHliridiki Ghoralday qurGuy kOkinAklAr cUxUrkUrAxti kAptArlAr kOpkUk yasman qAridA gUl ciqirip pArwAz qilixti
7fa66379a7ad4deca999a01b2c66e8e8,tUlkilik qilip hayat sUrgUncA xiranA sOwlAt bilAn vOlgilik
3cb82a470686458db6f9c13da95ff877,bu vetotniN tili yumurluq hAm vOtkUr bolup hAjwiyliki nahayiti kUclUk
8de06c43903e474693c185344a0c3fc4,vamerikiliq psiGolog maslowniN qarixicA vular vinsanniN mahiyAtlik yaxax tAjribisi bolGan sArsanliq wA makansizliqni coNqur qAyriHahliqqa wA viztirapqa tolGan vawazda bayan qilidu
3af6c956a6614225be1082d1e3da9325,vuruxtin vilgiri lodzda mantyor bolup vixligAn yax vAtrAt baxliqi telegrafci wAtAngA vasiyliq qildi wA vAskArlAr varisida kommunistik tAxwiqat yUrgUzdi dAp vAyiblAp vetixqa hOkUm qilixti
cd500e10de8c4ad88ba46fd18918901f,bir miN sAkkiz yUz vAllikinci yildin bir miN sAkkiz yUz vatmix bAxinci yilGicA vilgiri vaHir bolup coGlanma lampa qatarliqlar yasaldi
0076cb9870b6416ebff65499760a4d08,voGuzlar jAyhundin yuqiri cinGicA bolGan yArlArdA yaxiGuci tUrk qAbililiriniN hAmmisini cigil dAp vataydu
04eb21dc74854523ae657d341914ac6f,vuniN vopratsiyidin voNuxluq ciqqanliqini kOrUp vaca siNilliri Huxal bolup kAtti
341dcde0da6b47e5aa7b307bfff0f3be,bu sizniN qAlimiNizmu mAn vUstAl vastidin tepiwaldim
edbec5643637463c9582d813a2a4e656,bu xAhArdA dAmAxq kolombo vaNkor baGda bankok xAhiri féz Hartum xtabi waxinton nyuyork san fransisko qatarliq xAhArdin kAlgAnlAr bar
48568d321d41458ebc2c376aafad0e1a,kONlUm pONlUm degAn gApliri mAxAdA qalsun
2479512663214e22bd2c0532e4a5fa56,yeqinda lasa xAhiriniN jamavAt HAwpsizlik tarmaqliri lasa xAhiridiki yicUAn kiyim kecAk mAHsus yAtix dukkiniGa vot qoyux delosidiki jinayAt gumandari byAnjiniN lasa xAhiriniN sajya nahiyisidin vikAnlikini veniqlidi
269b88ace4664f44b4796b0503734b47,yoldax Hujintaw pUtUn mAmlikAttiki hAr millAt HAlqini vittipaqlaxturup wA yitAklAp deNxyawpiN nAzAriyisi wA vUckA wAkillik qilix muhim vidiyisi vuluG bayriqini vegiz kOtUrUp vilmiy tArAqqiyat qarixini votturaq qoyup wA vizcillaxturup tUrlUk qiyinciliq wA Hiyim HAtArlArni yeNip ciqti
b6d83b8bbdaf483f932451e1a0c54607,bu kitabni tUzUxtA meni qolliGan valahidA yardAm qilGan zor vilham bArgAn muHtArjan yaqup muhAmmAd kerAm vismavil qatarliq dostlirimGa xundaqla kitabimni yaqturup voqum barliq voqurmAnlirimgA cin qAlbimdin rAhmAt veytimAn
c6db241071b2441ea29960e911a836f8,bilayasir yezisida mozdozGa xagirt bolGan fomicof hayajan bilAn meniN yuy jini vOltUrUxUm vAlni voyGitix vUcUndur dAp warqiridi
7f014af1c634405e8cf25b8c2684dc64,vortaq bolGanliqki sAwAblik hAr birsiniN vayrim bir jUzviy hesablanGanliqi vUcUn hAr bir sOzdA vikkigA bilin’gAn wA hAr birsiniN hAr vikki juzvi zatiniN vasasini tAxkil qilGan bolatti
8200f2a78ac542c1a8889839d9bd4c45,vular vAr Hotun vikkiylAn heNdeli Hotuni bilAn vikki hAr rast tArjiman sUpitidA pAN vApAndini caqirmisaq bolmaydu bAx biz vikkimiz bilAn qoxulup vAytawur bir vUstAllik bolidikAnmiz
ebd7ba24596a4342b1e6c685326e3763,bu tamGa baj nazarAtcisi valyakemmasaniN vikAn
10e74a70b20d47f383a9e866003dd7c4,vUjmA dAriHini kOrUp yaki mewisini yAp cUx kOrsA kixilArgA paydisi tegidiGan saHawAt qAhriman qAysAr qAdrilik bayliqi yetip vaxqudAk dArijidA bay boluxniN bixariti dAp qarilidu
1b2b2af3886641768a1a53a09049db1e,vot degAn votunni selip pUf deyix varqiliq pAyda bolidu
ab835326b4634a1b8c4a006c765a5240,birawlar marixar vAnjan temidin birawlar dAt vAlimidin tUf dedi
7af43618011a4433b1f8615cd0dd1f6a,tAklimakanniN qoyuq qax kirpiki vornida yaxirip turGan tUnUnki vormanzar yexilliq bUgUn kona HumdanniN kUl tartidiGan gUlA HananisiGa voHxap qaldi
e7e6834964434d4da74bab3c38507bd4,mAxrAplArdA bar vixqi vawazi bilAn xavirdin sOyUnUp kompozitorlarGa barikalla veytip naHxa towlawatqan naHxicilarni kOz valdimizGa kAltUrAlAymiz
66271df476d04e7e9b5d0d4ae39dfe31,hAmmidin burun yawropa juGrapiyA sahAsidiki nopuzluq vArbab berlin vuniwersitetiniN professori ferdinat won JewalskiniN lopnur kOli hAqqidiki bayqixiGa bolGan gumanini votturiGa qoydi
4e3023419fa14d92a0ec11bc2434389b,roJdostiwa bayrimi kUni kAyzixi visiskop muzatni velip vat harwisi bilAn wiybirniN vOyigA barmaqci vidi cUnki bu kUni wiybirniN vOyigA nurGun vadAmlAr berip bayramni tAbriklixAtti
f2d9afdc75964ce1ac327f95fbfa41d6,ljiNruy vApAndiniN maqalisidin mAhAllim boluxicA yaNjiyaN vApAndiniN serwancisidAk varzusi boyicA xundaqla donkHot namliq romanniN yawropadiki bAzi tArjimA nusHilirini vOrnAk qilGan vasasta romandiki baplarniN bexiGa velinGan
0fa7bc9a04d14de7986a24ba710af153,vAjdadlirimiz burundin valtun yipta toqulGan zArkiyim qizil buGu terisi qizil qum xuyUn vipar kUrkUm gUl suHi zirawAndi qarimuc biba tax hAsAl cUcUx hAsAl coN cilan parpa helilA pUcUk qap tUz doGi seriq mArgimux qatarliqlarni vixlitip kAlgAn
cf03ccf21dd64c68855406de2a0f767a,keyincA faxyAn bilAn xuAnjuN budda vAqidiliri wA budda numlirini vizdAp GArbi rayonGa barGan
ab1d23b54ea0497fb0df5d3a2179992e,vibni nAdimu xivAlArniN vAlfihrist namliq kitabida vular bilAn bir yArdin ciqidu
fde761cb89514e7b8865439a080e5d11,yogyakarta vayrodromida boxluq tAkxUrUxkA qatnaxqan bir valiy vAmAldar sirttikilArgA mundaq degAn
df7dce8016734bc6a753ed6adb9a13aa,meNidiki buzuq Hiyallarni taxlatquzux meNisini kUclAndUrUx vUcUn mAjuni nujah Himiri mArwayit mAjuni muqAwwi qatarliq dorilarni vixlitip berix kerAk
10ca86edd7e849a2a96049b74d1425b0,xuniN bilAn vu toptoGra pAlAstingA besip kiridu wA jaffaGa tuyuqsiz hujum qilidu
4c863312eca1449f8326467b5a636146,hAzriti vixan foNgi HAlpA qilic Hanni dunyadin yoqitip polat Hanni vuniN vorniGa tiklANlar dAp buyruq qiptu
e80b089c9a364bf1a48e4205ceff8d00,pAhliwi hakimiyitiniN GArbpArAs siyasiti xivAlArni yAnA bir qetim veGir voNuxsizliGa vucratqan
bc655483aabc4ca89680db7ca6a0c830,diyarimizda vAlmisaqtin dawamlixip kAlgAn HAlqvara yipAk yoliniN Harablixixi wA vuyGur rohiyitidiki bekinmA halAtniN xAkillinixidA vappvaq Hoja wAkillikidiki hAH tUm vAzAm vAwladliri biwastA kOrUnAlik rol voynidi
4d922b791ee941a0b82ae7840dd467d7,bu wAqA kOrUlgAndin keyin vaptonom rayonimizniN vormanciliq jamavAt HAwpsizlik tarmaqliri yUksAk dArijidA kONUl bOlUp valtay yawa vatlirini vaptomobil soqup vOltUrUx deloliri yip yUci bilAn tAminligUcigA yigirmA miN yUAn mukapat berix vusoli qollan
ce40fc204c864a1cb7bb78ea747552f9,vular vAr Hotun vikkiylAn heN reli Hotuni bilAn vikki hA rast tArjiman sUpitidA peN vApAndini caqirmisaq bolmaydu bAx biz vikkimiz bilAn qoxulup vAytawur bir vUstAlik bolidikAnmiz
fdb861954f2a4febaa8454376e08d695,bu tamGa baj nazarAtcisi valyakemmasaniN vikAn
b5747e820ab343378b0915af9d4f24f3,vuniN sOlkitidin biz vuniNGa mujAssAmlAngAn HAlqimizniN vAqil vidrak vucqunlirini qan tAr vUncilirini hayat mAnilirigA bolGan qizGin vizdinixlirini hes qilalaymiz
ce0bd4fd714244cbbe363069c8f90d49,qaraNGuda dehqan vOyigA vUctumtut colpan kelip cUxti
972da29915b042bdaf3b85d527281648,general fafton sowet wAkili bilAn yAnvAngA berip jude bilAn kOrUxkAndA stalinniN mAHpiy nazarAt qilinsun degAn yolyoruqini bArdi
04bfce651d6546408fe0eea2890de802,vonsu nahiyisiniN gUlawat yeza vaqvOstAN kAntidiki yAtmix yaxliq boway nurAk vawutqa von yil burun sAwAbsizla bir kicik til ciqqan
ac860b09c74544c4bc2ba44742de771e,dadam xu kUni soyGan kaliniN gOxini dOndUr valdiGanlarGa vAtigAndila setip bolup yandiki kAsipdaxlarniN dukinida vularGa yardAmlAxkAx cay vicip paraNlixip volturatti
14c23acfa85d4131b161edaad0577cad,yuGur tilida keGdA qawun qalmaq cAntu tOmUrci qatarliq vibarilAr bar
53c43931fad4491e9b7a2d5261f4abe4,bAx yUz vAllik valtinci nomurluq qaruxticA pUtUktA mundaq bayanlar bar buruc baldurqisi sicqan kUndur bu kUndA nemilaix qilsa bolidu hAmmix HAyrlik bolur
84b29b0dee3a4ea094486b8d47ad3106,vular baxliriGa qara rAHt voruwalGacqa HAlq vularni qara sipAclAr dAp vatiGan
8d3e36bf16c04a48a6758b69dc7e87e8,maxininiN kozupi quruq bolup kOkkA mayil sirliri vONUxkA baxliGan vu maxinilarniN vixlitilginigA Heli bolGanliqi hAm bu yollarda kOp maNGanliqi bilinip turatti
4bb27093a52443c4afc595b4e982eb83,sowet vOktAbir vinqilabiniN tAsiridA bizdin burunraq voyGanGan mArup sAydi HAmit sAydi Helil sAtarA qasimjan qAmbiri qasimjan qismiti damolla razi teyipizad turaHinqari rAbbiq vabidA qatarliq kona yeNi ziyaliylarniN vAsArliri bu gezitA velan qilinGan caGlarda kixilAr vuni qoldin qolGa vOtkUzUp vAtwarlap voquxatti
d393b01a1c80450a93b2f46e1bc3e5a7,kasin tArrAr HArfA kAxniz wA murAkkAp dorilardin xArbiti sAndAl vArAji kafur qorsi biyA xArbiti mAtbiH helilA viskAnjibin qatarliqlar berilidu
0e62a7d5e44341478d2bc27ee0499112,kONlUm gUl tArgUci bolup bu gUlxAn rAyhanzaridin bihesab Hux puraq gUllArni yiGdi
14d35f0a8d4144759dccd9611b20f0c2,qulaq seliNlar janablar mAwjud hOkUmAtini Gulitix GArizidA maNa suyiqAst qilmaqci bolGan vUc vasiy juN tawminyO lixyawtyAnlArgA vOlUm jazasi berildi dedi xeN xisAy qollirini varqisiGa qilip
ad3002cab36440c1a3412de4785831e0,sAkkizinci vayda vanaGay mofociwfin qatarliqlar vordiGa vulpan tapxurup qudilixixni yAnA tAlAp qildi
01027ca7e47a4a40aea48158f0ec76af,taxqirida soGuqniN xuncA qattiqliqiGa dArwaza valdidiki vikki tUp xAmxadniN qar muz bilAn qaplinip kAtkigA qarimay zal gUrkirAp qoyuwatqan hollandcA mAxniN vissiqidin wA partiyA tAxkilati caqirGan matAm yiGiniGa qatnixatqan valtA kixiniN tiniqidin vissip kAtkAnidi
7ebe8ef72d264351ba9418614b63f508,sekirtar sAlAyjanniN gepini bOlUp vornidin turdi dA valdinqi qetimlarGa voHxax yUzigA may cepip gAjgisini mujup qoyuxni kUtmAstin boynidiki lONgA bilAn Halatni yexip taxlap talaGa qarap maNdi
d2a955df507640ddbd43ccf6f7954a9b,solun vargosniN kirim bilAn bton vikki qerindaxi vAN bAHtlik vular bayaxat vavilidA turmux kAcUrgAn qabil volimpik tAnhArikAt yiGinida mukapatlanGan vularniN kOyUmcanliqta daNqi ciqqan
3b3f376ef37b4069b23cabd03f0d49e7,wyetnamniN dOlAt rAvisi ruAnmiNjA von toqquzinci noyabir paytAHt Hanoyda yiGinGa qatnaxqan rAhbArlAr vimza qoyGan Hanoy Hitabnamisini jakarlidi
7b04cc4e8aeb4d69a7f8695d6b5cd137,vAyciN jejyaN vOlkisiniN jinHua nahiyisidA pomxicik vavilisidA dunyaGa kAlgAn
91558020039a45f88ab5d46770ce50f8,baxqilar vuni tAjribiHanida zAhArlik dora yasiGuci Himiyikqa voHxitidu
9ca9075e38c9421abe038e1371acfb03,balilar kAlgUsniN yaratquciliri wA vUmidi xuNa vularniN bilim velixiGa xaravit hazirlap berAyli
587392c0b466470598851b2eeae935a8,bu suyiqAstcilAr vicidA gestaponiN jasusi weNgrled vuperig bilAn vulrih bar vidi
bf65d4c3785c4f1dbd0a380c278f261a,vAr hOjjAtni velip bir qariwAtkAndin keyin mawu liHuNduN degAn qandaq bir nemA bu dAp GAzAp bilAn towlidi
2375291d61694cefb4ddc12b6c2f48e3,jaN HuN vAngliyA gilasgow vuniwersiteti viqtisad wA baxqurux vinstitutiniN tAtqiqatcisi vidi
41eceec27956473ab0eca60e4fa49118,balilar veGiz boxluqi bOlUmidA davim bir yax vAtrapidiki balilarniN soski yiGindi kesAllikigA giriptar bolGanliqini kOrimiz
124be9dc1f1c46ec8b1b2e734a957005,HAlmA Hil mArgiziy nerwilarni kontrol qilGuci dorilar mAsilAn fin tovin natriy finobarbital meprobamat dorisi qatarliqlarni sUt varqiliq balilar qobul qilGanda baliniN vuyqusi vazlax bAdAn veGirliGa tOwAnlAx hAtta qansirax hadisiliri kOrUlidu
92bf66c5dcb14116b12197b83d38beaa,mAsilA xaptulni vartuq istémal qilGanda qizix qorsaq kOpUx vixtihasi tutuluxni kAltUrUp ciqiridu
a43a2139319f4cba87ef763f0b5e05bd,varamgadiki valtun kUmUxlArnidA sidam nAqixlik vegiz kariwatniN paciqiGa baGlap qoyulGan qara qanjuq valmasni sizip qelip goya vadAm yAydiGan vAlpazda yulqunup qawaxqa baxlidi
a6e9c01c730847399e802af8fcc0a0dc,hindistandiki néro jAmAtigA voHxax botto jAmAtimu pakistanniN siyasiy sAhnisidiki daNliq jAmAt vidi
8e7a02ebd5a44b63886c1fd3a2901b45,vAmdila quyax kristal venirgiyisiniN tAmini tetiGanlar vAlwAttA buniNGa vunimaytti
c7d9f31982da4ecc87612740f9992c0d,maHtax sOzliri Huddi bahar xamilidAk vuniN qulaq tUwidin kAtmidi
ab9c69ed196a4bbf8ea3c7d1494b46b8,vesimizdA bolsunki vuyGur qizliri yAnA muxundaq qili wArsA vAHlaqsiz xArmi hayasuz vippAt nomisini qAdirlimAydiGan qizlar yAnA kOpiyi wArsA veniqki vular bizni qabahAtlik dozaHqa baxlap baridu
b3635596fb9e407992e3f75f6fc4bf74,pAlAsApA kitabliridin vUrkUp kAtkAn qollirim vuniN waraqlirini vasta vecixqa sezimini yoqitay dAp qalGan kOzlirim qurlar vUstidA hArikAtlinixkA baxlidi
5e4f2d92bc1e462693250e06bdcb84e5,vucur dAwridiki tariHiy tAtqiqat herodod wA simacyAndin tartip baxlanGan yazma bayan vusuliniN dAl vAmAslikini kOrsAtti
c8a01b07ffeb484fb8b4c20d3bb301a7,bOriniN howlixini cUxidA kOrsA mAhbus vayallarniN yeGa zar qilixiniN bixariti dAp qarilidu
b39061480b734870a7a214aff073ae5d,nebori bilAn paradino hAydigAn braziliyA vawivatsiyA sanavAt xirkiti yasiGan soda vayropilani madokrosso voblastiniN vazewedoGa yeqin
98b36e93d4d04811bc58f3b6652e6d49,maddiy xaraviti muqim bolGanlar vOzini mAlumiy jAhAttA kamalAtkA yAtkUzUxkA vintilixi maddiy xaraviti nacar bolGanlar vuni vOzgArtixkA yaHxilaxqa vintilixi vular vOzvara bir birniN haliGa yetixi bir birini cUxinixi vandin bu jAmviyAttA bir birigA yardAm beridiGan bir bir birini toluqlaydiGan vinaqliq pAyda bolup jAmviyAt mukAmmAllixidu
2965bbec0b094d599a06c663b10e2a3e,yeNi qanun velan qilinsimu yolGa qoyulux jAryanida kOpilgAn yeNi mAsililArgA duc kelidu wA bAzi mAsililAr saqlinidu
ca4f649f217d4372bee04ef4645e1bc3,bu dAwrdA vosman vimperiyisidiki vAN muhim vijtimaviy vislahatci vaqartix mutApAkkuri filka xAyHul vislamniN pAtiwasi bilAn diniy Harakter valmiGan kitablarni nAxr qilix ruHsitigA verixti
72f19a96148c458794d27b7d2e4d8f35,vaklit bir qizniN qolini muwAppAqiyAtlik vopratsiyA qilip saqaytip hindistandiki mAxhur xAHskA vaylanGan
5c7aaeab960a47e3830cda78bbaa11aa,velektr ciraGliri qAdimki yatnamA tAwArlik buyumlar tizilGan hujriGa nur cecip turatti
b481664e4b544f0790da985e6a67129b,lopluqlar coNqur yArni gUn dAp vatiGacqa beliq tutidiGan tornimu gUlmA dAydu vular dAryaniN coNqurluqiGa qarap dAryani gUnci gUnci kUnci dAryasi dAp vatiGan deyilgAn
95830d61996e4d87836bb45f716750b9,veGiliNniN varqisiGa vOtkinA kelinliriNni marap kursukqa cUxkAn vittAk nAccisi yatidu
17af55accf404732815284d749d26add,Hua taw vApAndi vOz kitabida burunqi tAtqiqatcilarniN tAtqiqat nAtijiliridin baxqa vislam vaptorliriniN hodud vAl valAm qatarliq bir qisim vAsArliridiki munasiwAtlik mAzmunlarni selixturup tAtqiq qilix varqiliq mundaq yAkUn ciqarGan
1de4692c988248d983ac941149ecefb7,vaHirqi padixah biNjuni tartquzup qoyup vorda vAmdiniNkigA voHxax muvamilidin bAhriman bolGuci HexyuNvAnni tUrklArgA tabar Haqandin yardAm soraxqa vAwAtti
258e262e516b4fb3b2bbef0813dd5258,biraq bu waqitta yAnila vozuqluqniN tANpuNluqi wA hAzim qilixiGa diqqAt qilix coNlarniN yemAk vicmAk qavidisini pUtUnlAy qollinixqa bolmaydu vAtigAnlik tamaqta balilarGa mayda pixurulGan piltA quymaq poxkal qatarliq nArsilArni berixkA bolmaydu
66ddd813424c4c78ad926f691d1c57bc,bu san vantiwerpen portiniN yUk siGdUrUx miqdariniN vix nisbiti bilAn sUlUxturGanda kOp vAmAs
e3f9be3bfa264b6883fb3b3c2b684d27,zAmbirAk voqliri bAzidA huwlap vOtidu yAnA bAzidA yiniGila cUxUp wiJildap pirqirap vandin dAxsAtlik partlaydu
c33b0288e9fa4f918c18b714948ec870,vular caqcaqnimu hAGdadiGa yAtkUzUp qildi
9d1bfc6aa95b4a87988ec0b319ee4c5f,hazirGa kUndA tepilGan mani diniGa davir kitab hOjjAtlArdin yoruqluq wA jahalAtni xArhlAydiGan kitab hAmdA towa vistiGpAr durutliri dora gArlik kitabi palnamA qatarliqlar bar
e07d9ebc15fc4acfaa2c1a3fbc9bea12,vadAmlArni tosupmu tAzbUrgili bolmidi
52e36a91686c4060b2db26d863e5f8bb,vixniNki teHnikiliq sanliq mAlumatida vOzgirix boldi
1fa750c55198422ab6c012863b454a1b,sAn top mAstanisi coqum kOrUxUN kerAk
dfa6005f4c6040b1921f3fb171ce5095,bu vorun qAxqAr HAlqiniN qurulux binakarliq nAqaxliq sAnvitini namayan qilip turidu
1e1c9ad4844145c9b18ac18746b2d986,bundaq boluxi vUcUn coqum xAhArlAxtUrUxniN viqtisadiy tArAqqiyattiki rolini voylixixqa toGra kelidu
a0d5e6be5e1b474e87c9d01bb7d1700a,kUclUk quyax nuriniN cAqixidin kOzUmni vacalmay qaldim
67e68036a6a04f0fb47e90d2d63fa4bd,Galip kAlgAn taxpaqqa colpaNGa vaylanGan
4c04e2aa069043148206d35b85e50228,bAzi mAmuri vixlar hOjjAtliri bar vidi
a599e3ef38544bde934a9eb4c8936eb5,bu yigit baxqa biri bolmastin dAl bUgUnki varman soda cAklik xirkitiniN lidiri radil vApAndi vidi
9e8e06d4282948db9b9cf4ce30cc4af0,vular yeNi vOydA qiyza basqan polu yA poluqay sarim valmisi wA sApAr vaHunniN qolida pixqan xerin tAmlik gulawa jaGdiq voGliri bilAn mehman boluxti
30995939171e4a2c8476b40a7bc4ec5e,vuniN vaGirip qaldin dAp Han hozuriGa barmiGanliqi tAstAn vOzini qacurGanliqi bu hesablinidu
f65aae2cc2c84460bd5b59ca74923c72,xavirniN puliGa zar cUxUrUklAr bAd HAxpiypAk yurtida noruz qatarliq dastan vikaviyliri mAmlikAt vaptonom rayon dArijilik vijadiyAt mukapatliriGa verixti wA vuniN munAwwAr xevirliridin tUzUlgAn dehqan bolmaqtAs namliq qapliq vunhalGun leNkisi nAxAr qilinip nAccA von miN nusHa tarqitildi
d3b9204a2dba478ebe793aadabcdaefe,bu vetotniN tili yumurluq hAm vOtkUr bolup hAjwiyliki nahayiti kUclUk
7ef190fc73364e2ea634a3fc8db3b27e,vuniNdin baxqa qawsilGan qamijan vabduxUkUr muhAmmAd vimin qatarliq tAnqidcilArmu poveziyA proziciliq dramatorgiyA vuyGur kinociliqi qatarliq sahalArgA beGixlanGan vAdAbiy vobzor tAqriz tAtqiqat maqalArni velan qilip jAmviyAttA bAlgilik tAsir qozGidi
6499ab916686475eaa9851046cd76486,mAsilAn xaptulni vartuq vistemal qilGanda qizix qorsaq kOpUx vixtihasi tutuluxni kAltUrUp ciqiridu
808b0659d63c4e008c82f9cb58e6067f,penxibaw zeNgualiN qatarliq vOstUrgUci gormonlarni yopurmaqtin pUrkUsA bolidu
2c815b3912574e39864cbd8b98ba6dc5,muHtAr bay xu kecisi xaGliqtam mAhAllisigA bir bayniN kelinini vowlax vUcUn cUxti
45d7d664338546599598ae2a93b4aaf3,mUxUkniN kAlginini kOrgAn caxqan hoduqup qacti
6b3b8f6f9303484d8da74213bf5837e2,bUrkUt caqqanliq bilAn cUjigA vetildi
c4ff3e3637b8446faf9d004eafc1d5f0,hazirqi bu bir nAccA yil dOlitimizniN vislahat veciwetixni yolGa qoyuxtiki halqiliq mAzgildur
246e1c260a2c4e5d94a1ba414675043f,qara vu nemidegAn yinik vUzgAn hA
561c44192fc042de8f107a784e8df9b3,sotsiyalistik wAtinimiz kUndin kUngA ronaq tepip kUcAymAktA
c7ec8064c54a4c509b2fcdd0570d4d32,vu sinipimizdiki birdAnbir tajik voquGuci
ac854473df644f09bf91a57da6656108,vext muxu judunda tamaqni vissq yAwalsaNcu kaxki didi vana qolidiki yastuqni qoyup lONgA bilAn balisiniN yUzini sUrtUp
2ac0cf3b36384237ae0babd109f687b5,vimam vAlfAHrniN toluq vismi vAbu vabdullah muhAmmAd vibn vOmAr vibn vAmwhAllAd bolup tAHllisi bAHridin vidi
3623cb70cfe04b12985e417d9c3f066b,vu vUrUmcidA tamoJna vidarisidA bax tAxUrgUci bolGan yillarda gomindaN hOkUmitiniN sowet vittipaqidiki konsuli bolGan
6edb1a597f2442989ce38faccadcabbc,kariwatta yetip Jurnal kOrdUm
ccf5c7ce26ea470895036f12e074e9f3,vAmma vuniN tAjribisi vancA kOp vAmAs
fe097ecc67fd45b7b2fe2538243ad785,HojaNiyaz haji jAnubiy xinjaN vamanliq saqlax garnizoniniN qomandanliqiGa tAyinlinip majuNyiN bilAn vurux qilidu
f94aec68ded2434f8e4840343a7602dd,qitanlar tinjitix waqtida wu zetyAn yaw yUnzuNniN talantini bayqap vuni sumruG sariyiniN yandax bAglikigA vOstUrgAn keyin bronjiNniN bax wAzir qilixqa bolidu degAn tAxAbbus boyicA vayal padixah vuni Hanliq muvAkkiligA tAN vAmAlgA vOstUrgAn
9656d019ae874bd6ad6b820c72ddd8b3,vamerika qoxma xtatlar vagentliqi bilAn zogbiy tAkxUrUx vapparati birliktA velan qilGan tAkxUrUx doklatida kOrsitilixicA vamerikiliqlar barGanseri juNgoni dost vAmAs hAksicA dUxmAn wA riqabAtcimiz dAp qarawetiptu
a72bc8b46699410fb7370367709dc1b9,bu vikki millAtniN ziddiyiti baxtin vaHir tUgimidi vAN vaHiri yAnA hegrada partlidi
af65aba35c444438a86d3f5bfdb74108,sultan vAbu sAvid mirza bir miN tOt yUz vAllik sAkkizinci yili paytAHt yaratni qolGa kirgUzAndin keyin xahroH wA vobulqasim baburniN vArbabliri wA yeqinliriniN mal mUlkini musadirA qilip vOylirini hAr jayGa sUrgUn qilGan
29709ea285304919a73d7475ceebeba5,vularniN tonuxicA vaqquza navojoz toqti yultuzini vinsanlarGa hayati bAHx vata qilGuci vila hiniN bax kOtUrUp ciqqan kUni dAp qaraydu
66824d182eef41e0a6ced7a81fe17cc3,fransiyA tAnhArikAxcilAr jAmviyitiniN rAvisi dawid tAnhArikAxcilAr tincliq mehribanliq qatarliq qimmAt qaraxlirini yAtkUzidiGan vAN yaHxi bax vAlci boldi
9e658be68aaf4a72844359f41911c008,bu yil kobdo vOlkisi juNgo xinjaN bilAn dostluq munasiwiti vornitip valaqidar hAmkarliq keliximi vimzalandi
8608603f409543b99c0df6243b275845,yUAn sulalisi dAwridA vuyGur hArbiy tewip yujlanci qaya sicuAnniN Hejudiki lyawyUxAn teGida buyruqqa binavAn turpan dorilirini yasap qoxundiki kesAllArni dawaliGan
cd5b129f6e3a4318998e39b59878f1ac,zAhArlik vOzUmislAr tArkibidiki zAhArlik maddilarniN tUri Heli kOp bolup vasasliqi vorganikisida vOsUmlUk vixqari floris bifer qatarliqlarni vOz vicigA validu
321d6bc8eae649e38e61b67f74eda43f,HAwArdA veytilixicA viran hOkUmitiniN vismini vaxkarilajni HalimiGan bir vAmAldari vikki hAptA vilgiri vikkinci tUrUmidiki bir yUz vatmix tOt sentrifugni vornitip bolduq dedi
e87d3ec33c264dc9914aebe1ab511fa2,vapelsin postidin bAx gram qoNGuraqgUldin bAx gram velip qaynitixsA yaxanGanlardiki yOtAlni dawaliGili bolidu
e502863420a347189e63409d103675d0,moNGuliyiniN kubsugul vOlkiliridA kAlkUn vapiti yUz bArdi
24c5b1bd5f9f4846bc9616d1616666c0,bUgUnki kUndA valliqacan vAyiblAp sestiwetilgAn bundaq qarixta hAmmidin HAwArdar bir vArbabniN sOzi vasas qilinGan
116d573fb7e34f8d9f6e298ada8329a5,jan dil bilAn HAlq vUcUn HizmAt qilix vasasiy mAqsitini hakimiyAt yUrgUzUx vAmAliyitidA teHimu yaHxi vAks vAttUrUx xArt
c2a4b952235b4ea5a7572daafa83b418,buniN bilAn vaz sanmiliq vinawAtlik qArz pul berix wilayAt davirisidA tezla qanat yaydi
52212572320443c798cf40a5b66f46e2,dukanda nArsA kerAk yeyixkA bir nArsA vicixkA bolmaydu
149bc1fec23d4152b0b2019f8267df8f,qAdimdin bUgUngicA hecqandaq planéta kixilArniN diqqitini marstAk tartip baqmiGanidi
5177f61a8c76486b8f2eac1876264370,mAmlikitimizdiki guguN Han sariyimu dunyaGa daNliq sAnvAt muzeydur
6078fbfd529a484581b21299cf90c05f,pUtUn dunya HAlqi mANgUlUk tincliqni qoliGa kAltUrAyli
f1024a4964c74f20a3427a0b111527ec,vikki miN vikkinci yili vUcinci qarayliq vorman bArpA qilix tamamlansa tAbiviy vekologiyA tosalGa bAlwiGit xAkillinidu
c75d9ca42c21440680ab74f759a7f454,deNizda mayak bolmisa keminixandin vadixip qalidu yaki Hada taxqa soqulup ketidu
61020268982e49c9ac2e299130dcc3bc,bu caGda veysen sAncA soxniN qarxi qandaq degAn soval bilAn daraNGa cOcUp kAttim
25e8a0ce543e4593b2de567f29824c2a,vuniN yArdin vicki gAz kOtUrUp yasiGan yaGac vOyniN vOgzisigA ciqip qarisa tOt vAtrap vucup kOrUnAt
dc0d0978cb66441181bac44c3fc7f806,bu baliniN yetilixigA tAsir qilipla qalmay xundaqla baliniN qAlbidA nacar psiHika tAsir qepqalidu
3509691ad4f849bcb3f8badca7b6d52a,pexqAdAm ziyaliy rAhbir vAsvAt saqum xul hayat vinqilabi mAzgildA xinjaNni HizmAt vixligAn
98f9ed50a0094951b882a0ae2de673cb,bu yil yigirmA sAkkiz yaxqa kirgAn juxwakiy vAslidA vamerika varmiyisi qiriq vUcinci sapyurlar rotisida vikAn
24e23c2726064c9ab6ed8e8810cf92c6,vimam vAlhafAhriniN toluq vismi vAbu vabdullah muhAmmAd vibn vOmAr vibn vAlmuwAlAd bolup pAHllisi pAHrudun vidi
1f330ef93a5945d081de184bb20ec3c0,millAt gAwdisidA mAhkumluq rohsizliq cUxkUnlUk natanliq qaxxaqliq tApriqicilik qanavAtkoyluq xUkricilik hAsAtHorluq HuxamAtcilik zinaHorluq villAtliri veGir
0383d0009328417b8da08957de4c7a35,jyaN wA vuniN sawaqdaxliriGa nisbAtAn veytqanda komunizm bolsa bir qutuldurGuci vu yapun valwazliri wA rAzil gomindaN hOkUmran guruhlirini tarmar qilixtiki vammiwi hArikAt
6bad784cbed24180ad174a85536ce322,Hojiniyaz haji jAnubiy xinjaN vamanliq saqlax garnizoniniN qumulaliGa tAyinlinip majuNyiN bilAn vurux qilidu
790bb4caf30c458f94defeef0e6bcaae,qAwziyAt kesiligA giriptar bolGan kixilAr vuzunGuci hAsAl vistemal qilsa vUc vayni nusilliqlaxturup tArAtni rawanGa qilidu
4359049d88f849b6a6beefd7a2a0921f,ju venlAy zuNliniN roliGa ciqqan bu vartis rolni bAvAyni vOzidAk vaptu
c3d68adcaedd4562bc5ffc9168819b72,vaq kONUl mehnAtkAx HAlqniN cidamliqliqiGa vUmidwarliqiGa GAyrAt xijavitigA vilham berilgAn
238492d6144d400e9ec5a75f43d755d3,saqciGa waqtida mAlum qilGacqa bir qetimliq coN vot vapitidin saqlinip qalduq
27f6eb189e5046ddb814339a0a2a3a6d,mAn bilAn su vUzUxtA musabiqilixxikA jUrvAt qilalamsAn
86496d5181264bb18f0fdc9aa990cd5a,vikki Hil velementni valaxtursa Himiyilik revaksiyA yUz beridu
bd49199564a8427c8e3070a671cb1f37,biz vamanliq saqlax qoGdax Hizmitimni kUcAytiximiz lazim
66bc85e3acd74f57b12c6b66a9fe1af9,yezilarniN vicki vixlApciqirix vumumi qimmitiniN vexixiGa tUrtkA bolux nisbiti qiriq pirsAnt bolup valdinqi yilidikidin bir pirsAnt tOwAnlidi
1f62767617fe483db71879108dcfa51f,vikkiNlarniN vuruxqanliq mAsilANlarni tAkxUrUp veniqliGandin keyin bir tArAp qilimiz
d2372ac1583e4e91b4c0ff746c278c4c,taG baGriniN vasasAn hAmmila yeri yexilliqqa pUrkAndi
d84bb3012dda4133947a0b6580b04ca4,vu vUstiwexiGa voquGucilardAk kiyiniwaptu
487e0127393b4540a54ad5ed6ceb90aa,vu pivaninoni karamAt yaHxi calidu
b12923fc86d34edd908beef80f53dd6a,vunqilabiy qAhrimanlar rohi yaxlar vOsmUrlArniN varisida vAwj valdurmaqta
3876cbf582674a2f852fd8cf9f10f630,yiGin mAydani hAywAtlik we yezAldi
2f8ade00b9494ab29c9c720b6f9de3c3,biz mAktipimizniN dAl dArAH gUl giyahlirini vasriximiz lazim
4db4161d5bbe4660840cb867cb4359b3,yeqinda vafriqida yAnA bir dOlAt mustAqilliq velan qildi
d08887b3bd524a8fbb24a74930fc9634,vaq kONUl mehnAtkAx HAlqniN cidamliqliqiGa vUmidawarliqiGa GAyrAt xijavitigA vilham berilgAn
7d26d5dfe0274d3b85649e243e76d270,vu yax bolGacqa bu mAsilini bAk vaddiy voylaptu
a0bde3c30a8e4148bafd055219b26b3e,mAn sinip hAviti bolux riqabitigA qatnixip vaHir saylandim
8637508348c745dd93fb7ed1499ce9ed,nAccA von yil kirAx qilix varqiliq biz vaHir vinqilabniN coN vixlirini vorundiduq
89230d300c9d4117a14c7e0e1a1e8eb5,taG baGriniN vasasAn hAmmila yeri yexilliqqa pUrkAndi
4855c010e939490cbeb60ea3e229355f,vu vUstwexiGa voquGucilardAk kiyiniwaptu
b60d0c9f770544049854e6857c7d7a19,bu qetimqi kemA kOmtUrUlUx pAwqulvaddA wAqAdur
2d12d7a7ffbf46d7b90b203e17bb8b99,mAn davim baGciGa berip bAdAn ceniqturimAn
e08f8e3627354645971272cdab99e839,vu cepip yUrUp warqiraytti
4648572b04a442e7bdb5e79523f18ba5,vikki miN yAttinci yili yeza boyicA setip ciqirilGan yeza vigilik quxumcA mAhsulatliri von miN sAkkiz yUz vatmix tonniGa vomumiy sommisi yigirmA tOt milyon toqquz yUz yAtmix sAkkiz miN yUAngA yAtti
7ac3a4e5bdf3469382127cecd07495f4,bu putbol musabiqisidA qarxi tArAp valdin bir top kirgUzdi
88f0779207214d07b7032c76ca210fd5,vu vOz vustaziGa hOrmAt nAziri bilAn tikilip qaraytti
c918273be8c7409394ed1fa061c22063,bu telewizorniN sUpiti cAt vAllik voHxax mAhsulatlarniN vilGar sAwiyisigA yAtti
dd66a5b1c5c04982a20f585be86d64ab,sAn bAk gAp vaNlimas boluwaldiN diqqAt qil dadaNdin tayaq yAp kAtmA yAnA
ad9b2f38f9ac429b8b3c30aa2aa62d43,vuzun vOtmAyla bu bala bir munAwwAr tAnhArikAtcigA vaylandi
5f35242747234000938dd5bf7605538e,baxqilarGa zAhArHanida sOzlAr bilAn zArbA bArmAslikimiz lazim
d1b4cd13103a4a4f8c1bb27b9136de4c,mAy yazliq tAtildA turpanGa berip sayahAt qilixni voylawatimAn
8bb4da623c3f4456b248bd084a1088d0,siyasiy keNAx mAmlikAtlik voninci nOwAtlik davimiy komiteti vikkinci yiGinniN rohidin HAwArdar boldi
e52482e741d644d3a5b7f923f26ae780,tok ketip pUtUn xAhAr qaraNGuluqqa patti
4765d366e7b74b37a7a22f4abf16f655,muxundaq kelixmAslikkA vucriGan bolsimu vuniN virajisi boxaxmastin bAlki teHimu kUciyip kAtti
3185e1463e5a47bc91470b4c97e8eb90,qoxnilarniN yol yUrUxigA qulayliq boluxi vUcUn vu vixik tUwidiki ciriGini kUndA kActA yandurup qoydi
81c37777ba1540c58d4dacd7185565b0,qoxnimizniN balisi davim cataq salidu vAmdi HAqniN vociqini buzuwetiptu
2255d8edb97f433088574f257a54f5a7,qandaqla bolmisun yAnila yaxlar kUclUk vikAn xuncA yiGirAp kAcni dAs kOtUrUp maNdi
ec7500800ccf4b46bddc145e7e76c519,biz kep miqdarda Ham materiyal setiweliximiz kerAk
b2e6921eb22d45a4862d15e342ffb97e,xinjaNniN veciwetix qurulixini vilgiri sUridiGan yArlik qanun qayta nizamlarni tUzUxni tezlitip nazarAtcilik meHanizmini vUzlUksiz mukAmmAllAxtUrUp nazarAtcilik vusulini yaHxilap demokratik qarar qilix rolini jari qildurup vaptonom rayonimizniN vislahat veciwetix wA zamaniwAxtUrUx quruluxini vUnUmlUk kapalAtkA veqilix kerAk muHbirrimiz mAryam vAmAt praktikat muHbir rAktipiN vislahat veciwetix wA zamaniwAliwAttUrUx quruluxini vUnUmlUk kapalAtkA veqilix kerAk muHbir
ae24abb914cb40a687a81c984f80b1f4,vu vAqil parasitini vixlitip kAynigA kiriwalGan vixpiyondin qutulup kAtti
c6f3e2f98db847c0b7e5701906ed19d2,hOjAttA mundaq tAlAp qilindi mAwqAni vicki vixlApciqirixni rawajlanduruxqa qoyup yeza vigilik qurulmisiniN vistrategiyilik tANxilixini yAnimu vilgiri sUrUp yeza vigilik mAhsulatliriniN tAminat wA tAlAp vomum miqdari tANpuNliqi qurulma tANpuNliqi wA sUpAt biHAtArlikigA kapalAtlik qilix kerAk
d032c84b66cd41e8972584f9f3122ae2,bu pulni bax til valmasliqini kerAk vidi
f1a756b325934fd3a0a7bb49229f1380,vimport zapcas tepilmisa vorniGa dOlitimizdA vixlAngAn zapcasni vixlAtsimu vUnUm voHxax bolidu
d7ab4fb6bdba4de099e846010e344a87,sinip kadirlirini qayta saylaxniN xaraviti kUxUp yetildi
4f65ea21951e499e911c6668b111e78b,tUrkUmlAp mallar portta kemigA Hasilaxni kUtUp turmaqta
31fd3b931a7c4498b33d73172cf12e55,biz varmiyA bilAn HAlqniN vittipaqliqini kOzimizni vasriGandAk vasriximiz lazim
e4b77909c93b4f77ac45b5f8cd2880b4,vuniN bilAn yamanlixip qalGacqa bultirdin baxlap valaqimiz vUzUldi
060d7d13059f4c57b9c9bd093baac764,qiyasimcA vu bUgUn kAlmAydu
487e16a9d02247848705f30ffdf1c130,mAndA tonuxturGudAk tAjribA yoq pAqAt vazGina tAsiratimini sOzlAp berAy
5eda2444b8294c26a2188322d77cc724,qanunsiz vonsurlarni qanun boyicA jazalax lazim
3962f3bda1584caf858b8d16237f4802,bizniN sotsiyalizm yolida meNix viradimiz hArgiz tAwArAnmAydu
067f73e6cc4f46e189da09532401471c,sotsiyalistik quruluxta vamminiN vaktipliqini jAzmAn toluq jari qildurux lazim
86f2dbd553b44c05873bd13f8b8caa66,jaN fomin mundaq dedi bu nizamniN paydilinixcanliqi nahayiti zor bolup nizamda tOwAndikidAk bir qancA valahidilik gAwdilAndUrUlgAn
56124cc5e492498aade9cfd0de0e3176,xinHua vagentliqi beyjiN yigirmA vUcinci fewral telegrammisi
8f47d3776a1943f5af8cc784c9d7decf,sAhArdA qattiq tuman pUtUn xAhArni qapsiwaptu
e04b422b7d6b40e4aebc0b5b53b9ac23,nahiyilik partkom HAlq hOkUmiti bultur tOwAn husulluq vetizlarni vOzgArcA vUcUn vUc milyon vUc yUz qiriq miN yUAn mAblAG vajritip yeza bazarlarGa birdin yAr tUzlAx maxinisi sAplAp bArdi
c7e2d6b4bf3042b79bc2001b7069ef43,vuruxta vikkila tArAp vayropilan tankilirini vixqa saldi
4f223922a70341cb9a99893a9b64578c,bu vixta hAmmimiz tAN kUc ciqarduq yaratqan tOhpimizmu voHxax
af080a4dba4247d8bad30b2e5439f3c4,bu taG tik gAm HAtArlik bolGan bilAn coqqisiniN mAnzirisi vintayin gUzAl
e0c6d4d52a8d422eb1e60b2a5b215499,saray valdidiki vu nAccA tal yoGan tUwrUk katta hAxAmAtlik kOrUnAtti
6e4a39af09a14360a0937f82079a18fa,balilar vOzliri HAjlAydiGan parcA pullirini kAyni kAynidin vapAt rayonidiki HAlqqA vivanA qildi
b6d8c794c69f4771a436e9c3e7423e08,mana bu hazir vatilip keliwatqan vuniwersitetlarniN vamobap mavaritidur
d5acb975d44d435f87ebd59b68e54158,mAn kesip veytalaymAnki vu bUgUn kAlmAydu
b94095c5436946278aba49c353e310c9,vapam yeqinda Hizmitidin yOtkAlmAkci
c23ac99d0e864675ac8f17fc0d4d3c55,vazadliq varmiyA caNjiN dAryasidin hAywAt bilAn vOtUp nAnjiNni vazad qildi
66df80da9fe74dcd9645a15fb95cf397,vArkin zirip vaHirida mundaq dedi biz nahiyA baziri wA seriq buya bazilida yeza vigilik quxumcA mAhsulatlirini setix nuqtisi tAsis qilduq hAm yeza vigilik mAhsulatliriniN baha vucurini waqtida vigilAp turduq
832dcd5db0dd4239888033e257843f44,juNgocA sotsiyalizm nAzAriyisini vOginip wA vuni vizcillaxturup vidiyA siyasiy sapasiti tirixip yuqiri kOtUrUx kerAk
ff4357ad1bed4de5a7e484166ff9c2b9,mAn muxu temini tutup fransiyA pariJ dOlAtlik vikkinci vuniwersitetida velan kAspini voqup xinjaN vuniwersiteti filologiyA vinstitutiniN vaHbarat fakultetidiki vix vorniGa qaytip kAlgAndin buyan velanciliq sahAsidA vizdiniwatqan vablikim nurmuhAmmAt muvAllimni ziyarAt qildim
badb01535db54d0e8ffd0eae2b25ce7a,biz tArtip boyicA sAp bolup tAntArbiyA mAydaniGa kirduq
8bf5479115d94ccba245eb4e4c19227f,yiNisar nahiyidiki munasiwAtlik tarmaqlar bultur mAktAplArdA qalaymiqan hAqilix vAhwalini tAkxUrUp saqlanGan mAsililArni waqtida hAl qildi
da969638891646cdad08cb3686ff2f35,Hu jintaw tAbriq yetidA mundaq dedi GArbniN gazini xArq yAtkUzUxtiki vikkinci liniyA quruluxi GArbniN gazini xArq yAtkUzUxtiki birinci liniyA quruluxidin keyinki vistrategiyilik vAhmiyAtkA vigA tAbiviy gaz yAtkUzUx turbu quruluxi
dbc4269cf5b04237824061d12309f0b0,mAn kamandurupkidin kelipla vimtihanimGa qatnaxqanliqim vUcUn ziyan tartixim turGan gAp
4d8769eca3874c2a85392f24759192a8,qAdimki maymunisiman vadAmlAr vUzlUksiz vAmgA qilix jAryanida tAdrijiy tArAqqiy qilip viptidaviy vadAmgA vaylanGan
ba3694890d7e4d9cb4802161d73c7b02,yAr jahanni qapliGan qar vucqunliri sONAktin vOtidiGan qAhritan soGuq xamal dAstidin vOydA solinip qaldim
66d751eb4cf144c9842faa79618fbe3b,vaydin vOtsila vOrUk nAxpUt xaptullar pixidu
1acdfaf30b754fd4b02c33a97ce15d63,vapam meniN yalGuz yiraq sApArgA ciqidiGanliqimni voylap HatirjAmsizlAndi
2c44cb7f5831450791f879cc6234682b,vaptonom rayonimizniN taxqi viqtisad sodisini zor kUciplArni rawajlandurup HAlqvara mAdAniyAt valmaxturuxini vilgiri sUrUp vinsaniyAtniN barliq vilGar mAdAniyAt muwAppAqiyAtlirini qobul qilip wA vuniNdin paydilinip taxqi viqtisad sodiniN viqtisadiy wA vijtimaviy vUnUmini vorganik birlAxtUrUp sotsiyalistik mAdAniyAt vixliriniN saGlam rawajliniix vUcUn yaHxi xArt xaraviti hazirlax lazim
0eb83d75d5324b5eab6c0cdf535b6db2,vuniN nutiqi nahayiti sAwiyilik bolup qayil qilixcanliqimu nahayiti kUclUk
795de003c8a342308ead0e5a475fcbaf,bu telewiziyA tiyatirini vular nAccisi pilanliGan
8a79aa36c6f84de18b97631238ad29ce,vuniN voqutquciGa bolGan muvamilisi tolimu nacar bolGanliqtin kOpcilikniN vAyiblixigA vucridi
0971cd7549d94169b60262756bccdea9,pixmiGan pikrimni votturiGa qoydum kOpcilik paydilansa bolidu
e9801c32a1e2438d88ff3fa87ec830e3,vu Heli kOp mukapatqa verixti lekin buniNGa nurGunliGan kixilArniN kOzi qizi aridi
d4127e8212f14d0190932d4edb2e47c0,yeNi pAllA yeNi pursAt yeNi vUmid
b2c20431490a4637abad034b7a20e794,keyin yiniwalmasliqiN vUcUn biz gApni yUzmuyUz veniq deyixAyli
c8a4ef6761864f3d9c56c1c59ff888fd,bu qetim setiwalGan xal vuruqiniN deni toq bolup xalGutlaxturulGan sortluq vuruqlar vikAn
bd3e0df6166c4b3ca938a0a51c97633c,bu maqalA vijtimaviy revalliqni vAynAn vAks vAttUrUp beriptu
a57c26b3d736466396d56b6d3b4112d0,pivonerlar qariGaydAk saGlam vUsUp yetilmAktA
7db79a722e914b148eac38564a77c1d4,vu tapqan tArgininiN hAmmisini ciqirip bir mAktAp qurdi
e1da329b719f40f2be18757b4465ac54,wAtinimizniN hAmmA yeridA gUllAp yaxniGa qiyapAt xAkillAndi
74aac9d674b04f3a95161b4c1ccf7c41,bUgUn voqutquci bizni baxlap qiziltaG baGcisiGa vAtrAt kUni pavaliyiti vOtkUzgila baxlidi siNlim maNGa qiyidap kUn boyi vOydin ciqmay volturuwaldi
79b4f31de6794b1d83fdd70b22e426ae,mAynAt yollar taziliq vixciliriniN tazilixi bilAn rAtlik hAm pakiz bolup kAtti
010c2428f7dc44f994381ad4841721d2,qara veyiqniN hArikiti qaxaN bolup meNixi tolimu vasta
f7b594fcd4fd4e6a827b8e555e4dab59,vikki vasasAn Hizmitini vobdan vixlAp vaptonom rayonniN tAkxUrUxidin vOtti
6113436501774f77a47c36b18de6550f,dOlitimizniN GArbiy vaynida yAnA bir pAwqiladA coN nefitkazliqi bayqaldi
eea5a9a67827410281ad84abe45c4a80,cinjaN vUnwersitetiniN kOzniki bolGan mAktAp kutupHanisi vuzaq yilliq tariHiyigA bolup vottura vasiya boyicA vikkinci vorunda turidu
2159c63fd84d418bb2da5ada4af7bac0,bu kOrgAzmA buyumlirini kOrUxkila bolidu ceqilixqa bolmaydu
3b84771938964a2a976ed0fd1ce0fbaa,vOz balisiniN coN boluwatqanliqini kOrgAn vaniniN qAlbi cAksiz HatirjAmlikkA cOmdi
5f2c11c9cad74036b1815b4654900d11,nAtijidA bu yil birinci vayniN von tOtinci kUnigicA nahiyA boyicA yUz miN mOtiwAn musunluq vetiz salalaxturulup vAtiyazliq terilGuGa tAqlAp qoyuldi
9f93ff7cee574b5b9708bb14721a11a8,vu tolimu kApsiz bolup birdAm vixik derizini buzsa birdAm vistihkam caqidu vix qilip tinmay cataq ciqiripla yUridu
26f3ef0ddf084282a211aba1ecdae5ce,biz vUnUmlUk tAdbir qollinip qatnax wAqAliriniN kOp sadir boluxiniN valdini veliximiz lazim
ee98eb394580402db665b1efc7d2b255,bu vadAmniN vuyaq buyaqni timisqlap yUrgAn GAlitA turqidin qariGanda vintayin gumanliqtAk kOrUnidu
5072a906082147feb37a61836422084c,vavilimizniN vavilANlArgA bolGan vadAm gAcilik qArzini vOmUrboyi qayturup bolalmaymiz
a24050de5fc8474a8bb5905542a5f392,vUgUr nahiyilik HAlq vixliri vidarisi xAhAr yeza nopusidiki tOwAn tonmux kapalAt puli valdiGan vavilidA bAxtA kapalAtlik vavililAr yOlAx vobyektliri wA vatmix mAx yaxtin vaxqan veqinGan carwicilarGa qatarliq qutquzux vobektlirini vomumyUzUk tAkxUrUp veniqlap yeNicA hAmkarlixip dawamlixqa qatnaxturup xAHsiy vUstigA velixqa tegixlik vottuz yUAnni qutquzux vobektlirini vomumyUtliri vuzUk tAkxUrUp veniqlap yeNicA hAmkarlixip dawamlix
2abdd79a9c4c4fa7a367bd11cb9443b2,vittipaq tAxkilatiniN yardimi bilAn yeqindin beri vu nahayiti tez vilgirildi
0736d03306044bb89492afcc6166383b,yeza vigilik mAhsulatlarniN setilix yollirini kANytip tUrlUk jAmviyAt wA yezilardiki dehqan wasicilarniN rolidin toluq paydilanduq
0a6411d271b04446a247846d9d80686b,kixilAr bekAttA vOjras turup maxiniGa ciqixni kUtmAktA
730f9fdef0a94e10b8d0ac687dadec83,bu vikki top komandisi kona vAqidlArdin bolup qaldi
d8840313e88e4115afcfcfe070b6b634,saGa taxlap yardAm qilip kAp qalGan dArsirimni toHuxup bArdi
de423167e73346da933ffe9b295ccb06,vuluGwar GayA jAsuranA viradA tiklAp taN dAryalarni vOzgArtiximiz lazim
9941b1dbb3da4c20887eb448e4a1d616,zawutimizda vixlAngAn mAhsulatlarniN hAmmisini vAla sUpAttiki boluxiGa kapalAtlik qilinidu
bc46761e9c5e46f098170b7ed94e15b7,vAtiyazda tikkAn vaq miHeliyA dArAHliri nahayiti tez vOsti
c26724d33f574672adf67d0aed6c52a9,hAmkarlixip dawalinixqa qatnaxturulGan vatmix bAx yaxidin vaxqanlar tOt miN valtA yUz sAksAn bAx kixigA yetip nahiyiniN viqtisadiy tArAqqiyatiGa wA jAmviyAt muqimliqiGa yaHxi vasas selindi
884735c6825a4238a3f1ae91dc75175a,vazadliqtin vilgiri vularniN vavilisi pomexcikniN vekspilatatsiyA qilixiniN dArdini yAtkUcA tartqan
e0e1b7c3a2d74a4f85d16c1e21665e37,vilmiy tArAqqiyat qarixini coNqur vAmAliylAxtUrUp sawsiyalisi vinaq jAmviyAt berpa qilixiniN muqArrAr tAlipi xundaqla mAmAri baxqurt tUzUlmAn vislahatni coNqurlaxturup hOkUmAtniN vOz quruluxini kUcAytixidiki muhim wAzipA
e0744459852d454ab9303162cf834ab4,voqutqucilar biz vAwladlarni vAjir siNdUrUp tArbiyilimAktA
fd5359bf4f944043a68e955715be2d9b,bu lerik nAsrni voqusa kixini qattiq tAsirlAndUridu
98c201ba3468464391e1372efeefdd8c,nAs basqan vixniN hAmmisi maNa yoluquptu
df06556315cb417ab6bb34ddde352825,voqutquciniN cin kONli vuniN qAlbini vaHir veritti
ba88696e31664591acbb4fd91e9171c1,vu tUrlUk pakitlarni misal kAltUrUp qarxi tArApniN nuqtiri nAzirigA rAddiyA bArdi
5a5e1ce13c81487cb8042bd1777629d7,vu rohiy jAhAttA qattiq tAsirgA vucriGanliqtin rohiy kesAlgA giriptar bolup qaldi
37007a2593df420493e7ac0ff2948d8a,toqunux pAyda bolGanikAn vuni toxux kerAk
ff67781892c04ef2a5b084de85edd87b,til vAdAbiyatni vOginixtiki vAN vUnUmlUk vusul kOp voqux wA kOp yezixtur
790360f7db6e4721ab81f680bbf04faa,bu vordida nurGun zapas qaciliq bar
41026d6ef7cf4895b436405e5241e9d5,bAx yezida mAdAniyAt ponkiti sAkkiz kAnit tAxip baHan qurup vottuz bir miN bAx yUz sAksAn toqquz sehqan carwicini hAmkarlixip dawlinixqa qatnaxturup hAmkarlixip dawlinixqa qatixix nisbitini sAksAn tOt pirsAntigA yAtkUzdi
b6bee898bc584ea99f6ae9e8c63c7fe4,vax HAwp HAtAr funiz siyasini yAnA mukAmmAllAxtUrUp vaxliq ciqidiGan rayonlarni yOlAx sAnviliqini kUcAytip vaxliq vixlApciqirix coN nahiyisini mukapatlax siyasini mukAmmAllAxtUrUx kerAk
a4f357504a0e4323b95c01b1da5de653,varaNlarda vada vatuNlar bolmiGandin keyin mAsilini vaydiNlaxturdiwalalda saNlarla boldi
ee618c4ea8834114bf0ed1e638096c41,zawutimizda vixlAngAn mAhsulatlarniN hAmmisini vAla sUpAtlik boluxiGa kapalAtlik qilinidu
91c824be67ea422c81b9b393fa1b3872,bu qetimqi vimtihanda yaHxi nAtijigA verixAlmigAnidim vapam meni tillimayla qalmastin vAksicA riGbAtlAndUridiGan gAplArni qildi
5478b66f9d5845ceb2d0e2ccd4ef75ac,vu baxqilar kOrUp palmasliqi vUcUn mOkUnUwaldi
d00848d5f5844b83a6d30ab0688437ae,bu vuxxaq mAsililArgA sAn jawab barsaNmu bolidu
b37defd642034d208dd548ac299967a5,vilmiy tArAqqiyat qarixini coNqur vAmAliylAxtUrUp sotsiyalistik vinaq cAmviyAt pArpa qilixniN muqArrAr tAlipi xundaqla mAmur baGxi qurux tUzUlmA vislahatini coNqurlaxturup hOkUmAtniN vOz quruluxini kUcAytixtiki muhim wAzipA
ee57a1de456142b7947304ac816fcf83,bu lirik nAsrini voqusa kixini qattiq tAsirlAndUridu
a5eb79e3e82a49ebbc88236aa9a3967e,nAccA tAxtAk xahzadigUl vixHanini teHimu kOrkAm qilip zinnAtligAnidi
c1e76f487d8e4d488387daaa92d4f43a,waqit hAmmidin qimmAtliktur vuni hArgiz bihudA vOtkUzmAN
9818f081862d41359adf55de563d54c3,biz mAsililArgA vobeyktip vAtrapliq qarap subyektipliq wA bir tArAplimiliktin saqliniximiz lazim
c22812747fbe47d5913ae839bac772ba,vu rohiy jAhAttA qattiq tAsirgA vucriGanliqtin rohiy kesAlgA giriptar bolup qaldi
8e7d1d32bcb94d429a38e29bc7fb56cd,xinjaNGa von vikki qetim kAlgAn vAngliyilik bir vayal sayahAtci til kamrasini velip tANri teGiniN jAnub ximalini pUtUnlAy vaylinip ciqip yurtta qaytqandin keyin mavaq HAt yeziptu
3fe481c25953418087a701bbe09d94bf,xinjaNniN viqtisadiy wA vijtimaviy vixliriniN hAm yaHxi hAm tez tArAqqiyatini vilgiri sUrUxni cOridigAn halda qanun boyicA mAjburiyitini vada qilix viqtidari wA sAwiyisini vOzgUt yoqil kOtUrUx kerAk
87ad415710464ff8963eee50d151e9a5,dUxmAnniN vuxtumtut hujum qilixidin saqlinix vUcUn vammini dArhal yOtkAp ciqip ketiximiz lazim
d4070fd02d9a4c81b68016fdcf972d44,baraN vastiGa vikki miN kixi soqudAk mehman kUtidiGan sayna tAyyarlatti
57e43286c188479caf25333dc7b9f4d4,saray valdidiki vu nAccA tal yoGan tUwrUk katta hAxAmAtlik kOrUnAtti
8bb03c6ed4d9432cb231afd3e27ecfab,xuniN bilAn voquGucilarniN vArkin mavarip tAp vatalGan gumanitarliq mavarip vusuli boyicA vortaq bilim velixiGa xaravit yaritip berilgAn
b2e7d49fc06547aa916b385fa4672e9e,bu yipAk dukininiN sodisi barGanseri rona tepiwatidu vinqilabiy qurbanlar dUxmAnniN qalcA valdida vOlUmdin qil ciqofmay mArdan qurban bolGan
3b2c6eed709f468ba2aed631048f808e,qAxqAr konixAr nahiyisidA vadAm kOp terilGu yAr vaz vetizlar vegiz pAs boluxtAk bAslAr dehqanlarniN yeza vigilik kAsip qurulmisini tANxAp viqtisadiy qimmit yuqiri ziravAtlArni terip kirimini vaxuruxqa tosalGa boldi
157acac62c364a6aa1314890fa3d6955,siz bu maqalini vOzgArtip viHcamraq qilip yeziN
3d63c8ab8bd248b987d204bb4d1aa3b3,bu rAsimniN cin yaki saHtiliqini pArqlAndUrmAk tolimu qiyin
17f9092100564c4a9f4f09f5b000b597,mAsilAn singapur xaNgiN valahidA rayoni vawmen valahidA rayoni jAnubiy afriqa tanzaniyA haway taqim varanliri hennoziyA filippn taylan vawstraliyA yeNi zlandiyilArniN sayahAtciliktin kirgAn kirimi vularniN vicki vixlApciqirix vomumiy qimmitiniN HAlq kOp salmiqini vigilAydu
22215ebc0a674f8698b0067b020309b9,yalGuz kixilik tiktak top musabiqisidA vAkbAr vikkimiz rAqibimizni yaNduq
06e3a1884ae243f5a82d2a6b00ad7c2d,rAnas nipimizniN kicik xaviri bolup hazirGicA gezit Jurnalarda nAccA von parcA xevir velan qildi
b7fc4fb7a98946d4bb57042d627cf72b,vazadliq varmiyA caNjiN dAryasidin hAywAt bilAn vOtUp nAnjiNni vazad qildi
aa3803da95d04dc699338a905f9f1cb7,vArkin zirip vaHirida mundaq dedi biz nahiyA baziri wA seriqiyA bazirida yeza vigil qoGxumcA mAhsulatlirini setix nuqtisi tAsis qilduq hAm yeza vigilik mAhsulatliriniN baha vucurini waqtida vigilAp turduq
74d179f5aead4d3a9e60b100f1743a3e,mAn bilAn su yUzUxtA musapilixxikA jUrvAt qilalamsAn
5d8b12d2dd904c45b3053334cf74fc26,bu tekistni valdin tAkrarlax Hizmitini kApcilAk taliq vixlAptu
130fc258c5cb4f0daf544d05ca48784f,biz vamanliq saqlax qoGdax Hizmitimni kUcAytiximiz lazim
cc0db31493744d029c42788505310af6,vanam kecA kUndUz bizniN Gemimizni yAydu
eccaa3d2d6494ae28c261a446bac865c,taNxAndiki qattiq yar dAwrAx bu sanavAs xAhirini tamamAn degUdAk wAyran qildi
4ca116b4d1c6436fa1e14f9ebc825d25,yawayA haywanlarni tirixip qoGdiximiz lazim
09b61cf329164bac8062f75793288f84,sAn vAmixA vOzUNniNla voylimasliqniN lazim
68bdb282637e45c994f7fc0fd498c6f3,bu qetim sirtta vuzaqraq yUrisAn turmuxuq lazimliq nArsAn toluqraq veliwalGiniN yaHxi
8b314371b7f74c5d87151f3bf0b16d1d,muHbirlarniN marksizmliq vaHbarat qarixini vOginixni kUcAytixi marksizmniN vasasiy nuqtini nAzArlirini pAydinpAy vOziniN mAydani kOzqarixiGa vaylandurux marksizmliq dunya qarixini xAkillAndUrUxni mAqsiz vatqilidu
e7a05d2fee3f443f894601b8612a3dfa,vu piyaninoni karamAt yaHxi calidu
24b751f1f2464d278fd14d698e1cf20f,bu qetimqi kiyim kOmtUrUlUx pAwqulvaddA wAqAdur
f74a9656df314a53ba8aaa6c9c935b97,tUnUgUn kActA voqutquci bizniN vOygA rasttinla kAldi
660e36c195eb41b1b84f7d616bb61cac,vu davim ceniqip turGacqa muskullir vintayin tArAqqiy qilGan
44237b4c0762452a8e9b4720e3690b77,biz mAsililArgA qariGanda halAtni valqa pOtUp mahiyAtni vigiliximiz lazim
820dbb09064d455497bc80bf034b1289,Handaqla bombisidin yAnila yaxlar kUclUk vikAn xuncA GArbkAxni dAs kOtUrUp maNdi
3ea095d8500a4efd85dd10aacf372037,vigilinixicA nAnjiN xAhArlik hOkUmAt bu yil vAN tOwAn mavax vOlcimini sAkkiz yUz vAllik yUAn kOstUridikAn bu vucur lawliq voHxax taziliq vixcilirini tolimu Hxal qildi
13695269d6f44a5d8a2040f05a3d7ab0,siyasiy vidiyiwi sapani vOstUrUx hAm bilim qurulmisini yaHxilaxqa vAhmiyAt berix kerAk
6d85a4a582d645a49820b6ae620d818f,vu HAtni bAksAt yazGacqa tonumaq qiyin
dfe68ec76f9f439faab37367d6e59bc7,balilar cOckidiki qapaqquc tolimu bipAr bar vikAn qAwAtlik bina layihilAp lipit vornixini voylaxmaqtur
3243c27759894c37a032da2d3656bdd9,bu pilni baxa til valmasliqini kerAk vidi
11efff91e28e4b8fa67383543c70a6ec,baxqilarni mAsHirA qilix wA baxqilarGa tAnA gAp qilix vuniN vAN coN kAmcilikidur
e689189ae4264d87a552d2f719f5a80e,baxqilar vimtihanda yaHxi nAtijA kirixsA vu haman kAmtArlik bilAn vulardin vOginidu hArgiz hAsAt qilmaydu
74e02578daa74d719f9d97e8c16ec4fe,qar qeli yiGip yeza ciGir yolini kOmUwAtkAckA yolni pirqAtmAk vintayin tAs bolup qaldi
7a3d994afa0b427cb552c64a8d0bb951,vu bala qara niyAtlArniN ziyankAxlikigA vucriGandin keyin vuqutquzux vUnUbAmA bAHtkA qarxi vOlUp kAtti
4e74cda9ba0841c8a3d19c400077cdcf,cArcAn nahiyisi vUc yilda toqquz milyon yAttA yUz yigirmA vixcA miN yUAn vajritip pAn teHnika tUridin bir yUz vottuz vikkini yolGa qoydi
6011719abfc941858a8cfa4fd717fdde,saqciGa waqtida mAlum qilGacqa bir qetimliq coN vawtapitidin saqlinip qalduq
95b6c9b5e24b49c89b562dc987e30580,mAn valdiraxciliqta baxqilarniN maqalA dAptimini veliwaptimAn
57cf8a38b978406e9e0e355583a41ff6,hA desila vAjnAbiylArgA qAdimkilArgA coqunux taza yaHxi vAmAs
c633b2fdbcad4b9988bc95aa5fa6598e,biz vamanliq saqlax qoGdax Hizmitini kUcAytiximiz lazim
570935794079435c825473d3e54edd44,mAn sinip hAyviti bolux riqabitigA qatnixip vaHir saylandim
275fdad5d3a94851acb78f4178f3eda4,vu cOcUgAn halda yarisi veGirmu dAp soridi
7ffbe631b64f4962bcfeaeb08b173c21,yawayi haywanlarni tirixip qoGdiximiz lazim
c952e9cdcfe840a589b6bcc64b6dd027,sAn hAmixA vOzUNniNla voylimasliqiN lazim
edbc244c63f84822b5aceb5c15c75b4c,bu vixniN xu dArijigA yetip ketixi kixini cOcUtidu
7c5428fee1f84cc88c9537472739258a,jANgiwarliqni kUcAytix vUcUn qoxunimizni coqum saGlamlaxturuximiz lazim
375fee29d2a14835ac788c4755a1613a,vinqilabiy qAhrimanlar rohi yaxlar vOsmUrlArniN varisida vAwj valdurmaqta
f8615b898acf4ed0be74ef8fa027511a,yiGin mAydani hAywAtlik bezAldi
83139a0a1f834e1f8865d99591945f43,biz mAsililArgA qariGanda halAttin valqiqatip mahiyAtni vigiliximiz lazim
cdcb903160d04a9d926575b14b3d2bbf,vuluGwar GayA jAsuran viradA tiklAp taG dAryalarni vOzgArtiximiz lazim
ca332382ccbf420fa864f16881c1a3d6,hAmkarlixip dawalinicA qatnaxturulGan vatmix bAxlAxni vaxqanlar tOt miN valtA sAksAn bAxxigA yetip nahiyiniN viqtisadiy tArAqqiyatiGa wA jAmviyAt muqimliqigha yaHxi vasas selindi
0f989327ec134953974cec1ffbb7c7e3,qox til luGcix vAhmiyAt berip mavarip sUpitini vOstUrdi
7d9601a919b84f5e8a11d4c068021d63,sAn bu qetimliq vottura mAktAp kOtUx pursitidin waz kAcmigin
77aee26585d34526996353b22da4ec45,vUcinci vidiyiwi mAtmun jAhAttA yuqiri deyilgAndAk qAdimgA zaman vAdAbiyatimizniN vasasiy qarixi vilGar bolup vuniNda HAlqpArwArlik wAtAnpArwArlik hawax vasal qilinGan halda nurGun qimmAtlik vidiyiwi qarixi vipadilAngAn
8d8662a75f95447da09a5d1b71f60706,vazadisini vilgiri vularniN vavilisi pomewetixiniN vekitplatatsiyA qilixiniN dArdin yAtkUcA tartqan
c8a88db6692a4dd780c0c7288af79564,vilmiy tArAqqiyatkA varixidin coNqur vAmAliylAxtUrUp sotsiyalizm veniq jAmviyAt bArpa qilixiniN muqArrA tAlipi xundaqla mAmurum baxqa tUzUm vislahatni coNqurlaxturup hOkUmAtiniN vOz kurjiniN kixilAxtiki muhAmmAziyipA
ce3996018e9849b68c3e4a2c240c4cdc,nAccA tAxtA xahzadigUl vixHanini teHimu kOrkAm qilip zinnAtligAnidi
ae74d063dbc44b6297535ea7256bef04,veNa degAn yiGa vawazi bilAn tAN bir kicik hayatliq dunyaGa kAldi
3258d846d7e343629d92f9f924f3dfe1,waqit tAmini qimmAtliktur vuni hArgiz bihudA vOtkUzmAN
afa350748c284d4dbfc896485c08fb3e,vilgiri von miN yUAnlik jiddiyipiniN vuniwersiz sAzArpiyati tUwAllAp ketip yilliq wAzipini vorniyalmay GAlq qurultiyi dA vOzini tAkxUrgAn sinixiy vOlkilik hOkUmAt rAhbArliri japaliq tirixi varGiliq vaHir vinirgiyA tejAp pulGimini vazadix varGiliq yilliq wAzipini vurulGan bolsimu vAmma wAkillAr sanavAt vixlApciqirmiti vomumiy vixlAx qimmiti varan von pirsAnt vigAnlAxtAk qalla qallatni vOzgArix tAklipini vottur qoydi
421786370d4b42759800061ad3067a1c,xinjaNGa von vikki qetim kAlgAn vAngliyilik bir vayal ziyaytti terA kamérasni velip tANrAt teHnini jAnub ximal pUtUn vaylinip ciqip yurtiGa qatqandiki maNa HAt yeziptu
a4010677b3504b98807a6ea028e2844b,xinjaNniN viqtisadiy wA vijtimaviy vixliriN hAm yaHxi hAm tez tArAqqiyatni vilgiri sUrUxni cOhridA halda Hanan boyicA mAjburiyitini vada qilix viqtidari wA sAwiyAtni vOzlUksidA yuqiri kOtUrUx kerAk
a8dac47545674691a47722c2519341c1,toqsu nahiyisiniN qaratax kAntidin veyiHanlar bu yil vUcinci vayniN vonvaltinci kUni toqsu nahiyili jamavAt qAptA vidarisigA qaratax kAnt vikkinji guruppidiki bir qAbristanliqta bir jasAt bayqaldi dA delo mAlum qildi
0cc04eda8a0746b2b9e7cbd858b113b2,wAtAnni qoGdax hArbir puqraniN muqAddAs burci
62332ce1310b44c6a297df1bfd26215d,jyaNxi vOlgisi jiNdejen baziriniN farforliri dunyaGa dANliq
1a0e4d3fdd8147fcb17e64130c7ece13,bizniN sotsiyalizm yolda meNix viradimiz hArgiz tAwrAnmAydu
2683f3b88b084b129c4a5977204c82c3,kecidA vawat bazar vasta vasta jimjirliqqa cOmdi
7d1f8dd573be4c269efc87a101683c21,bu maqaliniN mAzmudida nurGun jayliri tAkrarlanGanikAn
e9ea25efb43e433bb40366320e17f7e2,bu qobuluxida vix baxlanGanliqi velimizniN venergiyA qurulmisini sArHillaxturup dOlAtniN venergiyA biHAtArlikini qoGdap viqtisadiy vijtimaviyA tArAqqiyatini vilgiri sUrUp vamminGa bAHt yaritixta muhim vAhmiyAtkA vigA
c5107737fb1c4a72943955ee0178c79a,vAmgAk nAmunicisiniN doklatini vaNliGandin keyin vadAm boluxniN vAhmiyitini cUxinip yAttim
89538d01b6ca4bb8af81a987e2e991bf,jaN fomin mundaq dedi bu nizamniN paydini vixcanliqi nahayiti zor bolup nizamda tOwAndikidAk bir qancA valahidilik gAwdilAndUrUlgAn
3162993c38b4476790019ee7ed9aee90,bu jayniN hAmmA yeri vAHlAtkA toxup ketiptu taziliqi tolimu nacar vikAn
de5425498b0d47ea92045435c9716c33,siz tAkxUrgAn vAhwaliNizni kOrpcilikkA tonuxturup vOtUN
eb86f089cc324882b4e9dba97c22f967,vikki miN mo tAbiviy vOsUmlUk yepincisi vottuz miN mo terilGu yAr vAsligA kAltUrUldi
a8351d5c4883446299e630c5bcd045a7,nahiyilik partkom HAlq hOkUmiti bultur tUwAn vusulluq vetizlarni vOzgArtix vUcUn vUc milyon vUc yUz qiriq miN yUAn mAblAG vajritip yeza bazarlarGa birdin yAr tUzUx maxinisi sAplAp bArdi
e8418d36d6e942dab5aba1eedf3f5b1c,vu vaddiy dukanniN vixik valdiGa zinnAtlAx vUcUn burjup tax xevir qoyulGanidi
a8afc49721f143f2a86afc848405f3de,maNlucan mundaq dedi vomumyUzlUk halliq zAmiyAt berpa qilixta HAlq qurultiyi sotsiyalistik demokratik siyasiyini tArAqqiy qildurux xinjaNniN vislahat tArAqqiyat muqimliqiGa kapalAtlik qilix wA vilgiri sUrUxtAk muhim wAzipiniN vUstigA valGan
04aafc592df44bf5a6ee51a9736bd8c7,vu sawaqdaxliri bilAn jawabini selixturGandin keyinla von sovalin vUcni Hata vixligAnlikini bayqidi
f12559c98aa44f8bba1d15d5e4e11325,yalGuz vUzUm derijitiwidA tonumayGa qarap yiraqtiki dostumni vAslidim
ca24e13921524f029b56cd7dc1687c10,vidiyiNizni yoxurmay bu mAsilA hAqqidiki pikriNizni votturiGa qoyup baqsiNiz
d03fabd71bff403b839712a29fbee904,yiNisar nahiyidiki munasiwAtlik tarmaqlar bultur mAktAplArdA qalaymiqan hAqilix vAhwalini tAkxUrUp saqlanGan mAsililArdin waqtidAl qildi
fbf1f181d507486896d4adb87b2baf9c,vu vustaziniN maharitini vOginiwaldi
70f4b6107d3b4a5e8c8031f9154c6a6e,qAdimki maymusiman vadAmlAr vUzlUksiz vAmgA qilix jAryanida tAdrijiy tArAqqiy qilip viptidaviy vadAmgA vaylanGan
314f23175e9646949638e8e987f699b5,vu bir kOzgA kOrUngAn naHxici
92b4774ac6c640c38d04d7694bceb40b,bu mAsvuliyAtni sAn vUstUNgA valamsAn kUclUk riqabAtcigA dUc kAlgAndA komanda vAzaliriniN hAmmisi salmaqliq bilAn taqabil turalaydu
b1a65519698e44d9bcd17a619fe57fa2,mAktAp mudiri yiGinda yeqinqi bir mAzgillik HizmAtlArni vorunlaxturdi
84eb5e9e58a2447da09c18597309d731,dOlitimizniN qatnax vixliri kUndin kUngA rawajliniwatidu
242e870515f640d08974b8cb47389d1a,vaptonom rayonimizniN taxqi viqtisad sodisini zor kUc bilAn rawajlandurup HAlqvara mAdAniyAt valmaxturuxini vilgiri sUrUp vinsaniyAtniN barliq vilGar mAdAniyAt muwAppAqiyAtlirini qobul qilip wA vuniNdin paydilinip taxqi viqtisad sodiniN viqtisadiy wA vijtimaviy vUnUmini vorganik birlAxtUrUp sotsiyalistik mAdAniyAt vixliriniN saGlam rawajlinixi vUcUn yaHxi xArti xaravit hazirlax lazim
b4afe5d4ec18465d88fa81e5817cda02,vata vanisi vajrixip kAtkAndin keyin vu jimiGurlixip kAtti
f8297e29c19c4870a5cc797b1587946c,voquGucilarni tArbiyilAxtA bilim yaki mAlum pAndiki bilim boluxla kupayi qilmaydu
22d8e9018d2d4abfb89c2710776fa4c5,bu Hil vayaGniN sUpiti nacar vuzaqqicA paylimaydu
4c82d3e6657f40bd83586926ff01109e,baxqilarGa zAr HAmdA sOzlAr bilAn zArbA bArmAslikimiz lazim
00c50630e5ee4398bd3081f38546cd05,mAn yazliq tAtildA turpanGa berip sayahAt qilixni voylawatimAn
be22b33e338d481b90f3e85f3d312df3,momam maNa tikilip birdAm Hiyal sUrgAndin keyin vapamniN vixxini soraxqa baxlidi
e976fc6d232d4e3f8176c242862e0889,hindistan mAtbuvat tAristiniN HAwirigA qariGanda hindistan kontrolluqidiki kAxmir rayonida yigirminci viyul yerim kecidin yigirmA vikkinci viyul sAhArgicA vuda vUc qetim hujum qilix wAqAsi yUz bArgAn
60ec2f23047747a9ab0de0e67e73b96d,varaNlarda vadalteNlar bolmiGandin keyin mAsilini vaydiNlaxturuwalsaNlarla boldi
dae972658853402ab7f507ddff8b6602,sAn baxqilarniN nArsisini voGrilap yeyixkA petinipsAn bu nemidegAn xArmandicilik
95007194a3054128901c61841c06d5c1,voquGucilar vOzvara vittipaqliqni kUcAytix lazim
31c3b5aedc094e6ab9aa6e48d4d0f736,vuniN vaxu soGuq talAtini kOrgAn hArqandaq vadAm vuniNGa yeqinlixixni Halimaydu
feb3b5ee199c416a81f17a946cb1cf95,zawutimizda vixlAngAn mAhsulatlarniN hAmmisini vAda sUpAtlik boluxiGa kapalAtlik qilinidu
1c5fb41201134943b55958c2a700c7b1,suciliq teHniklirini yeza bazarlarGa vAwAtip vix vUnUmi sUrviti sUpitigA kapalAtlik qildi
acd3249102bd4e618174a1984c069587,hAmkarlixip dawalirixqa qatnaxturulGan vatmix bAx yaxtin vaxqanlar tOt miN valtA yUz sAksAn bAx kixigA yetip nahiyniN viqtisadiy tArAqqiyatiGa wA jAmviyAt muqimliqiGa yaHxi vasas selindi
5d73620de9c149769dd4d568c73b78ca,xuNa hazir yolGa qoyuluwatqan dora varqiliq doHturHanidA beqix meHaytzimi dora bahasiniN ziyadA yuqiri boluxiniN vacquci
51eb09fa5e9a4eb9b002955c2f83857a,vilmiy tArAqqiyat qarixini coNqur vAmAliy velAxtUrUp sotsiyalistik vinaq jAmviyAt pArpa qilixiniN muqArrAr tAripi xundaqla mAmiri baxqurux tUzUmlUx vislahatini coNqurlaxturup hOkUmAtniN vOzi quruluxidA kUcAytixkA muhim vAzipA
c75111b32cfe4d59b5e4f24989dcbcda,namrat rayonidiki kOpligAn voquGuci voqux pursitigA verixti
670617c9827a4bc692f0dc7d2f53b149,xinjaNGa von vikki qetim kAlgAn vAngliyilik bir vayal sayaji til kamratni velip tANr teGiniN jAnub ximalini pUtUnlAy vavililip ciqip yurtiGa qaytqandin keyin maNa HAd yeziptu
74678c1e48a54e159603fa74c55b44d7,vikki miN sAkkizinci yil vOtmUx nArsilAp kAlgUsigA nAzA salidiGan yil bolupmu yeNi musapigA vatlinidiGan yil
9dd6b91900944646bef94ec947c5134d,qandaqla bolmisiniN yAnila yaxlar kUclUk vikAn xuncA veGir vApkAxni tAs kOtUrUp maNdi
c73b2dfccffe47da89d46c6bc1696136,je ke pe mArkiziy komitet siyasiy byurosi bUgUn cUxtin vilgiri tOtinci qetimkA kollektip vOginix qildi
6e239130c19242d4a84e02a27f48e35c,vu wAtAn vUcUn HAlq vUcUn vOcmAs tAhpiyarAtti
31bf535be2854b8bb8a207a832d53d5b,vOjjAt domundaq tAlAp qilindi mAwqanA vicki vixlApciqirix rohiyliri vizGa qoyup yeza vigilik qurulmisiniN vistrategiyilik tAnxidiki yAnimu vilgiri sUrUp yeza vigilik mAhsulatliriniN tAminat wA tAlAp von miqdarni qurulma taNpuNluqini wA sUpAt biHilArgA kapalAtlik qilix kerAk
5e6b6e3ab3b544f2807862fc4a09b17b,vilgiri mAn saNa vadAwa saGlap kAlgAndin buGa toGra bolmaptu
44d5051e0dd24e519b850250e6f35637,siyasiy vidiyiwi sapan vOz turux hAm bilim qurulma yaHxaxqa vAhmiyAt berix kerAk
8b5e5705219f4a92a750b73f95fda447,hazir veyiGa varam bAx yUz yon valimAn bu pul bilAn kUn vOtkUzmAk bAk tAs dedi vAnjiN xAhiriniN gulu rayon taziliq vixcisi bolup vixlawatqini yigirmA nAccA yil bolGan lawli
764b16f98f054c7eb778153f37be870a,waNlowcuwAyGiniN hemrahliri yAttinci vayniN sAkkizinci kUni sanji xAhAr xAhAr vAtrap vix bax qarimisiniN nAnwugiN vikkinci kAntigA berip bu kAntikA sAksAn bAx pirsAnt dihqanniN qAwAtlik vOylAr kOcUp kOrgAnlikini vAN kicik volturaq vuyniN kOlimi bir yUz yigirmA kuwAt metir vAN coNniN vikki yUz miN vikki yUz kuwAtlikini kOrUq vikAnlikini kOrUp qox hal halda puqraliriGa silArniN volturaq vOy jaravitiniNlar xAhAhridiki kadirlarniNdin yaHxikAn nahayt yaHxikAn nahaytA
649b58796ec148d1999aa72b6cb9b1d1,kater dolqunni yerip deNizGa kirip kAtti
96c5f7d296784de08fedd2540808c382,bu puN bax til valmasliktin kerAk vidi
48720fdbc86b4390847e560504b8c77c,biz varmiyA bilAn HAlqni vittipaqliqni kOzimizni vasriGandAk vasriximiz lazim
be16ec29dab24ff89a4e23a0d3a679d8,varimay talmay bArdaxliq berip ceniq saNlar salamAtlikniN yaHxi bolup ketidu
71a4f59b363f4f6dbd8cb82755eda35a,vuniN kOz valdida pAyda bolGini yexil qap pUrkAnligAn vetsiliq qildi
0be9e5760f494289a6ffc0377546d498,vuniN bAlA yamanlixip qalGacqa bulturdin baxlap valaqimiz vUzUldi
e446fa1cd33a4a17b4d49604819c1eb5,qara qelin yeGip yeza seGir yolni kOmUrAtkAckA yolni pArq vAtmAk vintayin tAs bolup qaldi
e7849bcadca745358f66253b2b387f12,vuniN yol maNGanda Huddi vAtrapida vadAm yoqtAk kOkUr kUngA kirip coN qAdAm taxlap maNalGan vaditi bar
d9663537e99245d295e5698caafdb34f,vAtA bizniN vOygA zadi kelAmsAn yoq
3a93dfde3f554fe0812efaf31980ba06,viradisiz vadAmniN kesittA zor muwAppAqiyAt qazilixi mumkin vAmAs
5b4f2344909548e19cad6c5b7a7e8078,biz yol baxlaxqa xu jaydin bir yurtdaxni taptuq
cdca577c77c54ef3afd7bd393b084c7e,bu qatini qanat vastiGa vilGanliqi vUcUn tegixlik qanunni jazaGa tartildi
b8f9e8afb0034b2987c8e28a393d43d2,balisini bOrA yAp kAtkAckA vu cAksiz qayGanseri vicidil qaldi
cd1e40bf70ce4f52a2ddf9f9429ffc5b,bu gArcA bir vArzimAs sowGat bolsimu vuniN kONUlini bildUridu
e2daa67506f54978b1b16a1ee60230ce,ziyadA GAm vAndixA vuni baldur qeritiwAtti
11f2234b66644ea2be379dea0018e4b6,qAxqAr kona xAhAr nahiyisidA vadAm kOp tArilGuyAr vaz vetizlar vegiz pAz boluxtAk mAsililAr dehqanlarniN yeza vigilik kAsip qurulmisini tANxAp viqtisadiy qimmiti yuqiri ziravAtlArni terip kirimini vaxuruxqa tosalGa boldi
239dc703e23549deaa6cfe4674c03b83,bu qara niyAtlArniN delo sadir qilix waqtisi vintayin qAbih wA rAhimsiz
ca7fc039809247dca522df9cd931ea32,biz kona vOrp vadAtlArgA HatimA berip yeNi kAypiyat tikliximiz lazim
443dbe5787b84639bbb4268b1ccc36d6,mAsilAn singapur xyaNgiN valahid rayoni vawmen valahid rayoni jAnubafriqa tazaniyA haway taGma laraliri hindoneziyA filippin taylan vawstraliyA yeNi zellandiyilArniN sayahAtciliktin kirgAn kirimi vularniN vicki vixlApciqirix vumum qimmitiniN Heli kOp salmiqini vigilAydu
e89a4b09d9fa4e03aac04dd21e0bd328,bir vavilA kixiliriniN turmuxini qamdax vUcUn dadamGa sAhAr qopup kAc yetip vixilimAktin baxqa vamal yoq vidi
6c13a7cca589495d801c62c980e341a8,kOrgAzmigA jAmiyAttiki hArsahAdikilArniN jovinlAy zuNliniN hayat pavaliyAtlirigA vavit toqsan parcA foto sUrAt sizma vAsArliri qoyuldi kOrgAzmA bAxinci vayGicA dawamlixidu
80cc82cbc1444c72b4e9db19d5bd0a56,vu kOrANlAp bundaq qixni mAndin baxqa heckim yaHxi qilalmaydu dedi
4b0e7d7237ed465daa87959c82145ea0,HAlq vUcUn HizmAt qilix wAtAn vUcUn yaramliq vadAm bolux qimmAt qarixini mustAhkAm turGuzux kerAk
d93e7fd072a94637939e5ea0a5332075,jahilliq bilAn qarxiliq kOrsAtkAn qaraniyAt nAq mAydanda vetip baxlandi
7433ce8a7be74c6e9ac8e72fa845350d,varmiyimiz vistihkam valdiGa kixilik vAskiriy kUc vorunlaxturdi
5bd48a1dbe9a48f093df1308fa1c9fc3,bu telewiziyA tiyatirini vular nAccisi pilanliGan
4371e1635ada4092b33819338d78ae80,vu natoGra vusuldin paydilinip nAp velix mAqsitigA yAtkAnliktin kOpcilikniN vAyiblixigA vucridi
52e8b3c6d0f7476e8bee83faa3de96ab,vu qattiq qayGurGanliqtin vuzun vOtmAy vorun sitip yetip qaldi
909ad846f4f5426faf120832ab44997e,saqci vAqildin vadaxqan vu qara niyAtni vaHir boysundurdi
fd0c6f36e7f7492da9b05947ab7652a7,vikki miN birinci yili toqquzinci vaydin buyan zuNtuN box diqqitini terrorluqqa qarxi vurux mAsilisigila mArkAzlaxturup kAldi
ea3673fe6f7145458cc2cf50de85e8c3,varmiyimiz dUxmAnniN mudapivA liniyisini vUzUl kesil pacaqlap taxlidi
ba857f5ad651455b8e0fcfa5413fc3c3,vu vOzlUkidin vOginip vingliz tilida vuniwersitetiniN mAHsus kursini pUttUrgAnlAr sAwiyisigA yAtti
a55e80dcd1864787a059b66d83090dda,savAtniN mayatniki vikki tArApkA retimliq dAwrup turatti
ed4a04a7fa124895ae993366c422bbe9,sUrAttA vafGanistanliq doHtur votturida hArqaysi vOlkilArdin kAlgAn kursantlarni qan berix teHnikisi boyicA tArbiyilimAktA
f458dfcdad904a179c21fa696257bed5,vavilimizniN vavilANlArgA bolGan vadAmgArcilik qArzini vOmUr boyi qayturup bolalmaymiz
9cfb5057e167488697247404d78e3901,qollirini silip tAkxi qAdAmdA ketiwatqan sawaqdaxlar nahayiti rohluq kOrUnAtti
32bed9ca13524a29b3c7e26d6eb22388,bUgUn yazGucilar xinHua kitabHanisida voqurmAnlAr vUcUn nAq mAydanda vimza qoyup kitab setip beridu
3353cc9d9abc4bf193e0c407d5a7aa0f,vu bir roman yezixqa tAyyarlandi hazir materiyal yiGiwatidu
85a9d2787c554b05af6312a50062344d,kambodJya dOlAt zAhAr cAklAx vapparatiniN vAmAldarliri wA voquGucilar bolup tAHminAn vondin vartuq kixi yAttinci viyun jinbyAndA zAhAr cAklAx namayixi vOtkUzdi sUrAttA namayixcilar
37b66b00798441adb2662106d569221a,kixilAr bekAttA vOcUrAp turup maxiniGa ciqixni kUtmAktA
6082d7d5655d46f6b7aa26a78b51e93a,vikkinci din dAm velix waqti tANxAlgAn nizamda vixci HizmAtciniN jAmviy HizmAt qilGan waqti bir yilGa toxqan von yilGa toxmiGan bolsa yilliq dAm velixi bAx kUn bolidu
